"Georges Duboeuf Winery, France",,
"Chateau Ste. Michelle Winery, US",,
"Concha y Toro Winery, Chile",,
"Siduri Winery, US",,
"Gary Farrell Winery, US",,
"Lynmar Winery, US",,
"Albert Bichot Winery, France",,
"Montes Winery, Chile",,
"Casa Santos Lima Winery, Portugal",,
"Trapiche Winery, Argentina",,
"Jean-Luc and Paul Aegerter Winery, France",,
"Santa Ema Winery, Chile",,
"Chanson Påre et Fils Winery, France",,
"Fess Parker Winery, US",,
"V. Sattui Winery, US",,
"Iron Horse Winery, US",,
"Foxen Winery, US",,
"Louis Jadot Winery, France",,
"Chehalem Winery, US",,
"Maryhill Winery, US",,
"Bründlmayer Winery, Austria",,
"J. Portugal Ramos Winery, Portugal",,
"Seven Hills Winery, US",,
"Kenwood Winery, US",,
"Henri de Villamont Winery, France",,
"Martin Ray Winery, US",,
"Dr. Loosen Winery, Germany",,
"Georges Vigouroux Winery, France",,
"Rodney Strong Winery, US",,
"Olivier Leflaive Winery, France",,
"Fenestra Winery, US",,
"Naggiar Winery, US",,
"Calera Winery, US",,
"Casca Wines, Portugal",,
"Joseph Drouhin Winery, France",,
"Santa Rita Winery, Chile",,
"J. Lohr Winery, US",,
"Lamoreaux Landing Winery, US",,
"Cameron Hughes Winery, US",,
"Rock Wall Winery, US",,
"Companhia das Quintas Winery, Portugal",,
"Balletto Winery, US",,
"Waterbrook Winery, US",,
"Novelty Hill Winery, US",,
"De Loach Winery, US",,
"Recanati Winery, Israel",,
"DÛ_o Sul Winery, Portugal",,
"Gloria Ferrer Winery, US",,
"Kuentz-Bas Winery, France",,
"Morand_ Winery, Chile",,
"San Pedro Winery, Chile",,
"Domaines Devillard Winery, France",,
"Adelsheim Winery, US",,
"Milbrandt Winery, US",,
"Sineann Winery, US",,
"Bernardus Winery, US",,
"La Chablisienne Winery, France",,
"Willamette Valley Vineyards, US",,
"Buena Vista Winery, US",,
"Heron Hill Winery, US",,
"Santa Alicia Winery, Chile",,
"Herdade do EsporÛ_o Winery, Portugal",,
"Santa Carolina Winery, Chile",,
"Hogue Winery, US",,
"L'Ecole No. 41 Winery, US",,
"Cayuse Winery, US",,
"Bouchard Påre & Fils Winery, France",,
"Aveleda Winery, Portugal",,
"Castle Rock Winery, US",,
"Schramsberg Winery, US",,
"J Vineyards & Winery, US",,
"Barton & Guestier Winery, France",,
"Mercer Winery, US",,
"Marimar Estate Winery, US",,
"Januik Winery, US",,
"Abacela Winery, US",,
"Pride Mountain Winery, US",,
"Henri Bourgeois Winery, France",,
"Morgan Winery, US",,
"Dry Creek Vineyard, US",,
"Duckhorn Winery, US",,
"Loring Wine Company Winery, US",,
"Maximin GrünhÊuser Winery, Germany",,
"Clos La Chance Winery, US",,
"Quinta do Casal Branco Winery, Portugal",,
"Novy Winery, US",,
"Three Rivers Winery, US",,
"Concannon Winery, US",,
"Domaine Serene Winery, US",,
"Raymond Winery, US",,
"McManis Winery, US",,
"Sparkman Winery, US",,
"Schug Winery, US",,
"Echeverria Winery, Chile",,
"Kokomo Winery, US",,
"Tamarack Cellars Winery, US",,
"Syncline Winery, US",,
"Zaca Mesa Winery, US",,
"Talley Winery, US",,
"Airfield Estates Winery, US",,
"King Estate Winery, US",,
"Torii Mor Winery, US",,
"Wellington Winery, US",,
"L. Tramier & Fils Winery, France",,
"Trisaetum Winery, US",,
"Brander Winery, US",,
"Dusted Valley Winery, US",,
"Navarro Winery, US",,
"Sojourn Winery, US",,
"MacPhail Winery, US",,
"Winzer Krems Winery, Austria",,
"Tasca d'Almerita Winery, Italy",,
"Thomas Fogarty Winery, US",,
"Cono Sur Winery, Chile",,
"Dr. Pauly Bergweiler Winery, Germany",,
"Sebastiani Winery, US",,
"14 Hands Winery, US",,
"Babcock Winery, US",,
"Merry Edwards Winery, US",,
"K Vintners Winery, US",,
"Pali Winery, US",,
"Testarossa Winery, US",,
"DFJ Vinhos Winery, Portugal",,
"Williams Selyem Winery, US",,
"Louis Latour Winery, France",,
"Georges Duboeuf Winery, France",,
"Chateau Ste. Michelle Winery, US",,
"Concha y Toro Winery, Chile",,
"Columbia Crest Winery, US",,
"Kendall-Jackson Winery, US",,
"Siduri Winery, US",,
"Gary Farrell Winery, US",,
"Lynmar Winery, US",,
"Albert Bichot Winery, France",,
"Montes Winery, Chile",,
"Casa Santos Lima Winery, Portugal",,
"Trapiche Winery, Argentina",,
"Jean-Luc and Paul Aegerter Winery, France",,
"Undurraga Winery, Chile",,
"Robert Mondavi Winery, US",,
"Santa Ema Winery, Chile",,
"Chanson Påre et Fils Winery, France",,
"Fess Parker Winery, US",,
"V. Sattui Winery, US",,
"Iron Horse Winery, US",,
"Foxen Winery, US",,
"Louis Jadot Winery, France",,
"Feudi di San Gregorio Winery, Italy",,
"Chehalem Winery, US",,
"Maryhill Winery, US",,
"Domaine Zind-Humbrecht Winery, France",,
"Bründlmayer Winery, Austria",,
"Kunde Winery, US",,
"Terre Rouge Winery, US",,
"Dutton-Goldfield Winery, US",,
"D'Arenberg Winery, Australia",,
"Errazuriz Winery, Chile",,
"J. Portugal Ramos Winery, Portugal",,
"Seven Hills Winery, US",,
"Kenwood Winery, US",,
"Henri de Villamont Winery, France",,
"Martin Ray Winery, US",,
"Dr. Loosen Winery, Germany",,
"Georges Vigouroux Winery, France",,
"Rodney Strong Winery, US",,
"Olivier Leflaive Winery, France",,
"Fenestra Winery, US",,
"Naggiar Winery, US",,
"Calera Winery, US",,
"Casca Wines, Portugal",,
"Joseph Drouhin Winery, France",,
"Santa Rita Winery, Chile",,
"J. Lohr Winery, US",,
"Lamoreaux Landing Winery, US",,
"Cameron Hughes Winery, US",,
"Rock Wall Winery, US",,
"Companhia das Quintas Winery, Portugal",,
"Balletto Winery, US",,
"Waterbrook Winery, US",,
"Novelty Hill Winery, US",,
"De Loach Winery, US",,
"Recanati Winery, Israel",,
"DÛ_o Sul Winery, Portugal",,
"Gloria Ferrer Winery, US",,
"Kuentz-Bas Winery, France",,
"Morand_ Winery, Chile",,
"San Pedro Winery, Chile",,
"Domaines Devillard Winery, France",,
"Adelsheim Winery, US",,
"Milbrandt Winery, US",,
"Sineann Winery, US",,
"Bernardus Winery, US",,
"La Chablisienne Winery, France",,
"Willamette Valley Vineyards, US",,
"Buena Vista Winery, US",,
"Heron Hill Winery, US",,
"Santa Alicia Winery, Chile",,
"Herdade do EsporÛ_o Winery, Portugal",,
"Santa Carolina Winery, Chile",,
"Hogue Winery, US",,
"L'Ecole No. 41 Winery, US",,
"Cayuse Winery, US",,
"Bouchard Påre & Fils Winery, France",,
"Aveleda Winery, Portugal",,
"Castle Rock Winery, US",,
"Schramsberg Winery, US",,
"J Vineyards & Winery, US",,
"Barton & Guestier Winery, France",,
"Mercer Winery, US",,
"Marimar Estate Winery, US",,
"Januik Winery, US",,
"Abacela Winery, US",,
"Pride Mountain Winery, US",,
"Henri Bourgeois Winery, France",,
"Morgan Winery, US",,
"Dry Creek Vineyard, US",,
"Duckhorn Winery, US",,
"Loring Wine Company Winery, US",,
"Maximin GrünhÊuser Winery, Germany",,
"Clos La Chance Winery, US",,
"Quinta do Casal Branco Winery, Portugal",,
"Novy Winery, US",,
"Three Rivers Winery, US",,
"Concannon Winery, US",,
"Domaine Serene Winery, US",,
"Raymond Winery, US",,
"McManis Winery, US",,
"Sparkman Winery, US",,
"Schug Winery, US",,
"Echeverria Winery, Chile",,
"Kokomo Winery, US",,
"Tamarack Cellars Winery, US",,
"Syncline Winery, US",,
"Zaca Mesa Winery, US",,
"Talley Winery, US",,
"Airfield Estates Winery, US",,
"King Estate Winery, US",,
"Torii Mor Winery, US",,
"Wellington Winery, US",,
"L. Tramier & Fils Winery, France",,
"Trisaetum Winery, US",,
"Brander Winery, US",,
"Dusted Valley Winery, US",,
"Navarro Winery, US",,
"Sojourn Winery, US",,
"MacPhail Winery, US",,
"Winzer Krems Winery, Austria",,
"Tasca d'Almerita Winery, Italy",,
"Thomas Fogarty Winery, US",,
"Cono Sur Winery, Chile",,
"Dr. Pauly Bergweiler Winery, Germany",,
"Sebastiani Winery, US",,
"14 Hands Winery, US",,
"Babcock Winery, US",,
"Merry Edwards Winery, US",,
"K Vintners Winery, US",,
"Pali Winery, US",,
"St. Francis Winery, US",,
"Valentin Bianchi Winery, Argentina",,
"Lionel Osmin & Cie Winery, France",,
"Kirkland Signature Winery, US",,
"Mastroberardino Winery, Italy",,
"Peju Winery, US",,
"Caliterra Winery, Chile",,
"Brian Carter Cellars Winery, US",,
"Lapostolle Winery, Chile",,
"Quinta da Alorna Winery, Portugal",,
"La Crema Winery, US",,
"Glenora Winery, US",,
"Gorman Winery, US",,
"Bacalhã¢a Wines of Portugal Winery, Portugal",,
"G_rard Bertrand Winery, France",,
"Dr. Konstantin Frank Winery, US",,
"Erath Winery, US",,
"Midnight Winery, US",,
"Laetitia Winery, US",,
"Dopff & Irion Winery, France",,
"Longoria Winery, US",,
"Patz & Hall Winery, US",,
"Marchesi di Barolo Winery, Italy",,
"Manuel Olivier Winery, France",,
"Rex Hill Winery, US",,
"Jean-Baptiste Adam Winery, France",,
"Tommasi Winery, Italy",,
"ViÛÒa Bisquertt Winery, Chile",,
":Nota Bene Winery, US",,
"Keuka Spring Winery, US",,
"Simonnet-Febvre Winery, France",,
"Fournier Påre et Fils Winery, France",,
"Adelaida Winery, US",,
"Renwood Winery, US",,
"Quinta da Lagoalva de Cima Winery, Portugal",,
"Joseph Swan Vineyards, US",,
"Yalumba Winery, Australia",,
"Efeste Winery, US",,
"Easton Winery, US",,
"Damiani Winery, US",,
"Robert Weil Winery, Germany",,
"Abbazia di Novacella Winery, Italy",,
"Dunham Winery, US",,
"Markus Huber Winery, Austria",,
"Canoe Ridge Winery, US",,
"Reichsgraf von Kesselstatt Winery, Germany",,
"Carpineto Winery, Italy",,
"Murphy-Goode Winery, US",,
"Mark Ryan Winery, US",,
"Cortes de Cima Winery, Portugal",,
"Ponzi Winery, US",,
"Steininger Winery, Austria",,
"DomÊne Wachau Winery, Austria",,
"Domaine Faiveley Winery, France",,
"Loimer Winery, Austria",,
"Flora Springs Winery, US",,
"Firestone Winery, US",,
"Frank Family Winery, US",,
"Quivira Winery, US",,
"Jos_ Maria da Fonseca Winery, Portugal",,
"Boeckel Winery, France",,
"Stephen Ross Winery, US",,
"Leonard Kreusch Winery, Germany",,
"Mumm Napa Winery, US",,
"Grgich Hills Winery, US",,
"Viu Manent Winery, Chile",,
"Bonterra Winery, US",,
"Bodega Norton Winery, Argentina",,
"Sobon Estate Winery, US",,
"Donkey & Goat Winery, US",,
"Korbel Winery, US",,
"Wagner Winery, US",,
"Walla Walla Vintners Winery, US",,
"Carlisle Winery, US",,
"Cinnabar Winery, US",,
"Robert Hall Winery, US",,
"Sextant Winery, US",,
"Joseph Cattin Winery, France",,
"Poåas Winery, Portugal",,
"ViÛÒa Cobos Winery, Argentina",,
"Herdade do Rocim Winery, Portugal",,
"Sokol Blosser Winery, US",,
"Geyser Peak Winery, US",,
"Schloss Gobelsburg Winery, Austria",,
"Salomon-Undhof Winery, Austria",,
"Zuccardi Winery, Argentina",,
"Michael David Winery, US",,
"Fiuza Winery, Portugal",,
"Ferrari-Carano Winery, US",,
"Peachy Canyon Winery, US",,
"Tablas Creek Winery, US",,
"Atwater Winery, US",,
"Mazzei Winery, Italy",,
