"Vieux ChÃ¢teau des Combes Winery, France",,
"Zin 91 Winery, US",,
"ChÃ¢teau la Lauzette Winery, France",,
"ChÃ¢teau la Roque de By Winery, France",,
"Hay Maker Winery, New Zealand",,
"Evening Land Winery, France",,
"Red Cap Winery, US",,
"Honor Winery, US",,
"Juslyn Vineyards, US",,
"Casata Monfort Winery, Italy",,
"ChÃ¢teau Vitallis Winery, France",,
"Domaine Corine Perchaud Winery, France",,
"Dutschke Winery, Australia",,
"Gain Bay Winery, US",,
"Pierre Vessigaud Winery, France",,
"Ellman Family Winery, US",,
"Weingut Am Stein Winery, Germany",,
"Le Petit Panier Winery, France",,
"Abbeyville Winery, US",,
"Neal Family Winery, US",,
"Plan B Winery, US",,
"Domaine de la Grange Winery, France",,
"Rios de Tinta Winery, Spain",,
"Rocca di Montegrossi Winery, Italy",,
"Elio Altare Winery, Italy",,
"Wolf Family Winery, US",,
"Giacosa Fratelli Winery, Italy",,
"Anomaly Winery, US",,
"Cellers Melis Winery, Spain",,
"Weingut Christ Winery, Austria",,
"Le Pianelle Winery, Italy",,
"Fulcrum Winery, US",,
"Garber & Goltz Winery, Austria",,
"Lea Winery, US",,
"Peace Water Winery, US",,
"Aigner Winery, Austria",,
"Gotham Winery, Australia",,
"Laguna de la Nava Winery, Spain",,
"Ackerman Winery, France",,
"Anterra Winery, Italy",,
"Bel Lago Winery, US",,
"Byington Winery, US",,
"Castel Firmian Winery, Italy",,
"Isidoro Polencic Winery, Italy",,
"Sant Rafel Winery, Spain",,
"Manifesto! Winery, US",,
"Quattrocchi Winery, Argentina",,
"Black Cordon Winery, US",,
"Quarles Harris Winery, Portugal",,
"Site Winery, US",,
"Bodegas Carchelo Winery, Spain",,
"ChÃ¢teau l'Afrique Winery, France",,
"ChÃ¢teau les Ancres Winery, France",,
"Clos SolÃ¨ne Winery, US",,
"Finca Valpiedra Winery, Spain",,
"J. Rochioli Winery, US",,
"Kimmel Winery, US",,
"Umberto Cesari Winery, Italy",,
"Terre de la Custodia Winery, Italy",,
"Alma Negra Winery, Argentina",,
"ChÃ¢teau Mirambeau Papin Winery, France",,
"VIgnobles Ducourt Winery, France",,
"Reginato Winery, Argentina",,
"ZagarrÃ³n Winery, Spain",,
"La Battagliola Winery, Italy",,
"Blanco Nieva Winery, Spain",,
"Don Leta Winery, Argentina",,
"Ginestet Winery, France",,
"Pagos Familia Langa Winery, Spain",,
"SchÃ¤fer Winery, Germany",,
"Signaterra Benziger Winery, US",,
"Domaine Jean Petitot et Fils Winery, France",,
"Domaine Perraud Winery, France",,
"Chateau Chantal Winery, US",,
"Robert Klingenfus Winery, France",,
"Shenandoah Vineyards, US",,
"ValmiÃ±or Winery, Spain",,
"Vignobles de Balma Venitia Winery, France",,
"ViÃ±a Maipu Winery, Argentina",,
"Arregi Winery, Spain",,
"Bluenose Winery, US",,
"Campos de Luz Winery, Spain",,
"El Hada Winery, Spain",,
"Avide Winery, Italy",,
"Bonpas Winery, France",,
"Vieux ChÃ¢teau des Combes Winery, France",,
"Zin 91 Winery, US",,
"ChÃ¢teau la Lauzette Winery, France",,
"ChÃ¢teau la Roque de By Winery, France",,
"Hay Maker Winery, New Zealand",,
"Evening Land Winery, France",,
"Red Cap Winery, US",,
"Honor Winery, US",,
"Juslyn Vineyards, US",,
"Casata Monfort Winery, Italy",,
"ChÃ¢teau Vitallis Winery, France",,
"Domaine Corine Perchaud Winery, France",,
"Dutschke Winery, Australia",,
"Gain Bay Winery, US",,
"Pierre Vessigaud Winery, France",,
"Ellman Family Winery, US",,
"Weingut Am Stein Winery, Germany",,
"Le Petit Panier Winery, France",,
"Abbeyville Winery, US",,
"Neal Family Winery, US",,
"Plan B Winery, US",,
"Domaine de la Grange Winery, France",,
"Rios de Tinta Winery, Spain",,
"Rocca di Montegrossi Winery, Italy",,
"Elio Altare Winery, Italy",,
"Wolf Family Winery, US",,
"Giacosa Fratelli Winery, Italy",,
"Anomaly Winery, US",,
"Cellers Melis Winery, Spain",,
"Weingut Christ Winery, Austria",,
"Le Pianelle Winery, Italy",,
"Fulcrum Winery, US",,
"Garber & Goltz Winery, Austria",,
"Lea Winery, US",,
"Peace Water Winery, US",,
"Aigner Winery, Austria",,
"Gotham Winery, Australia",,
"Laguna de la Nava Winery, Spain",,
"Ackerman Winery, France",,
"Anterra Winery, Italy",,
"Bel Lago Winery, US",,
"Byington Winery, US",,
"Castel Firmian Winery, Italy",,
"Isidoro Polencic Winery, Italy",,
"Sant Rafel Winery, Spain",,
"Manifesto! Winery, US",,
"Quattrocchi Winery, Argentina",,
"Black Cordon Winery, US",,
"Quarles Harris Winery, Portugal",,
"Site Winery, US",,
"Bodegas Carchelo Winery, Spain",,
"ChÃ¢teau l'Afrique Winery, France",,
"ChÃ¢teau les Ancres Winery, France",,
"Clos SolÃ¨ne Winery, US",,
"Finca Valpiedra Winery, Spain",,
"J. Rochioli Winery, US",,
"Kimmel Winery, US",,
"Umberto Cesari Winery, Italy",,
"Terre de la Custodia Winery, Italy",,
"Alma Negra Winery, Argentina",,
"ChÃ¢teau Mirambeau Papin Winery, France",,
"VIgnobles Ducourt Winery, France",,
"Reginato Winery, Argentina",,
"ZagarrÃ³n Winery, Spain",,
"La Battagliola Winery, Italy",,
"Blanco Nieva Winery, Spain",,
"Don Leta Winery, Argentina",,
"Ginestet Winery, France",,
"Pagos Familia Langa Winery, Spain",,
"SchÃ¤fer Winery, Germany",,
"Signaterra Benziger Winery, US",,
"Domaine Jean Petitot et Fils Winery, France",,
"Domaine Perraud Winery, France",,
"Chateau Chantal Winery, US",,
"Robert Klingenfus Winery, France",,
"Shenandoah Vineyards, US",,
"ValmiÃ±or Winery, Spain",,
"Vignobles de Balma Venitia Winery, France",,
"ViÃ±a Maipu Winery, Argentina",,
"Arregi Winery, Spain",,
"Bluenose Winery, US",,
"Campos de Luz Winery, Spain",,
"El Hada Winery, Spain",,
"Avide Winery, Italy",,
"Bonpas Winery, France",,
"Cesca Vicent Winery, Spain",,
"Clavo Cellars Winery, US",,
"Et Fille Winery, US",,
"Manolesaki Winery, Greece",,
"SeÃ±orio de Valdiestro Winery, Spain",,
"GewÃ¼rztraminer Winery, Germany",,
"Perticaia Winery, Italy",,
"Gypsy Canyon Winery, US",,
"Domaine Sainte LÃ©ocadie Winery, France",,
"ChÃ¢teau la Rayre Winery, France",,
"I'M Winery, US",,
"Nuthatch Cellars Winery, US",,
"Oakville East Winery, US",,
"Quintarelli Winery, Italy",,
"Domaine Drouhin-Laroze Winery, France",,
"Prinz von Hessen Winery, Germany",,
"Rio Alto Winery, Chile",,
"Caves Dom Teodosio Winery, Portugal",,
"David Hill Winery, US",,
"Alphart Winery, Austria",,
"Casale Daviddi Winery, Italy",,
"Davis Estates Winery, US",,
"Michael FrÃ¶hlich Winery, Germany",,
"Nittardi Winery, Italy",,
"Pargua Winery, Chile",,
"29 & Oak Wines, US",,
"Board Track Racer Winery, US",,
"SueÃ±o Winery, Spain",,
"Allimant-Laugner Winery, France",,
"Angels & Cowboys Winery, US",,
"ChÃ¢teau Lamothe de Haux Winery, France",,
"ChÃ¢teau Le Giron Winery, France",,
"ChÃ¢teau Roc de Minvielle Winery, France",,
"Lo Domeni Winery, France",,
"Dauny PÃ¨re et Fils Winery, France",,
"Paringa Winery, Australia",,
"Pumphouse Winery, US",,
"Sibling Rivalry Winery, Australia",,
"Sequin Winery, US",,
"ChÃ¢teau K Winery, France",,
"Playtime Winery, US",,
"Kalfu Winery, Chile",,
"Stella Bella Winery, Australia",,
"Josef Ehmoser Winery, Austria",,
"Machherndl Winery, Austria",,
"Ray's Station Vineyards, US",,
"Azienda Agricola Cogno Winery, Italy",,
"Fiore d'Arancio Winery, US",,
"Townshend Winery, US",,
"Principiano Ferdinando Winery, Italy",,
"Bodega Renacer Winery, Chile",,
"Charles de Cazanove Winery, France",,
"J. de Telmont Winery, France",,
"La Giaretta Winery, Italy",,
"M. Cosentino Winery, US",,
"Seven of Hearts Winery, US",,
"Tommaso Bussola Winery, Italy",,
"Houdini Winery, US",,
"Seacampo Winery, Portugal",,
"Tempus Cellars Winery, US",,
"Tenshen Winery, US",,
"Koenig Winery, France",,
"ChÃ¢teau la Pointe Winery, France",,
"DeLucia Vineyards, Italy",,
"L'Ostal Cazes Winery, France",,
"Glen Carlou Winery, South Africa",,
"ChÃ¢teau des Karantes Winery, France",,
"ChÃ¢teau Haut-BeausÃ©jour Winery, France",,
"Chateau Rollat Winery, US",,
"Crowded House Winery, New Zealand",,
"Dr. Wagner Winery, Germany",,
"J Wilkes Winery, US",,
"Slow Press Winery, US",,
"ChÃ¢teau de la Chaize Winery, France",,
"Daniel Belda Winery, Spain",,
"Ambo Secco Winery, Italy",,
"Angosto Winery, Spain",,
"Rivino Winery, US",,
"Rocky Hill Winery, US",,
"Casa S.M. de Tourais Winery, Portugal",,
"Hayes Valley Winery, US",,
"Le Bertille Winery, Italy",,
"Domaine des Terres DorÃ©es Winery, France",,
"Vignerons des Pierres DorÃ©es Winery, France",,
"4 Cellars Winery, US",,
"Boutinot Winery, France",,
"Cerebella Winery, US",,
"Rabble Winery, US",,
"Raphael Sallet Winery, France",,
"SeaGlass Winery, US",,
"Tenuta San Mauro Winery, Italy",,
"JoletÃ© Winery, US",,
"Les Collines du Bourdic Winery, France",,
"Citation Winery, US",,
"Falesco Winery, Italy",,
"Filus Winery, Argentina",,
"La Carraia Winery, Italy",,
"La Zerba Winery, Italy",,
"Leopard's Leap Winery, South Africa",,
"Cantarutti Winery, Italy",,
"Cantine Lunae Bosoni Winery, Italy",,
"Josef Weger Winery, Italy",,
"Martinelli Winery, US",,
"Obrigado Winery, Portugal",,
"Tenuta CÃ  Bolani Winery, Italy",,
"Dr. NÃ¤gler Winery, Germany",,
"Domaine Claude Branger Winery, France",,
"Alexandre Monmousseau Winery, France",,
"CÃ  Lojera Winery, Italy",,
"Schmitz 24 Brix Winery, US",,
"Valley View Winery, US",,
"Hey Mambo Winery, US",,
"Lestonnat Winery, France",,
"ChÃ¢teau Bel-Air Winery, France",,
"Manos Negras Winery, Argentina",,
"Le Prince Winery, France",,
"Lexicon Winery, Argentina",,
"Ruca Malen Winery, Argentina",,
"Magness Winery, US",,
"Sivas-Sonoma Winery, US",,
"Andriano Winery, Italy",,
"Casal PaÃ§o Padreiro Winery, Portugal",,
"Domaine Luc et Lise Pavelot Winery, France",,
"ChÃ¢teau de Vaudieu Winery, France",,
"Domaine de la Janasse Winery, France",,
"Domaine des Croix Winery, France",,
"Domaine Nicolas Rossignol Winery, France",,
"Domaine Marc Roy Winery, France",,
"ChÃ¢teau Desmirail Winery, France",,
"ChÃ¢teau Talbot Winery, France",,
"Quinta de SÃ£o JosÃ© Winery, Portugal",,
"Saffron Fields Vineyard, US",,
"Alpha Crucis Winery, Australia",,
"Glaetzer Winery, Australia",,
"Kevin White Winery, US",,
"Lioco Winery, US",,
"Maragas Winery, US",,
"Sant'Andrea in Colle Winery, Italy",,
"Elderton Winery, Australia",,
"GrÃ¿phus Winery, Chile",,
"Balderdash Winery, US",,
"Conde Villar Winery, Portugal",,
"Domaine le Roc Winery, France",,
"ViÃ±a EguÃ­a Winery, Spain",,
"Wildling Winery, Australia",,
"Mont Paral Winery, Spain",,
"Methven Family Vineyards, US",,
"Vigneti Fantinel Winery, Italy",,
"Zorzettig Winery, Italy",,
"Cantina San Martino Winery, Italy",,
"Scubia Winery, Italy",,
"Bodega del Sur Winery, US",,
"Bray Winery, US",,
"ChÃ¢teau de L'Aumerade Winery, France",,
"Premius Winery, France",,
"ChÃ¢teau Trimoulet Winery, France",,
"Venus Winery, US",,
"Vigil Winery, US",,
"Stone Creek Winery, US",,
"Talus Winery, US",,
"Windsor Winery, US",,
"Domaine de Magalanne Winery, France",,
"Quo Winery, Spain",,
"Binz Winery, Germany",,
"ChÃ¢teau Bois de Rolland Winery, France",,
"ChÃ¢teau du Grand Bos Winery, France",,
"ChÃ¢teau Magnol Winery, France",,
"CondÃ© Winery, Italy",,
"Ecker Winery, Austria",,
"Lustig Winery, Austria",,
"MAD Wines, US",,
"Jacella Winery, US",,
"L'Amphore de Provence Winery, France",,
"ChÃ¢teau AllÃ©gret Winery, France",,
"Cimarone Winery, US",,
"Cottonwood Winery of Oregon Winery, US",,
"E. Pira e Figli (Chiara Boschis) Winery, Italy",,
"F.lli Trinchero Winery, Italy",,
"Solms-Delta Winery, South Africa",,
"Tre Donne Winery, Italy",,
"Maroon Winery, US",,
"Martin's Rake Winery, New Zealand",,
"Matua Valley Winery, New Zealand",,
"Agricola Sulin Winery, Italy",,
"Tormaresca Winery, Italy",,
"Apollonio Winery, Italy",,
"Kalaris Winery, US",,
"Lee Family Farm Winery, US",,
"Vignobles Brumont Winery, France",,
"The Calling Winery, US",,
"Borgo del Tiglio Winery, Italy",,
"Maetierra Dominum Winery, Spain",,
"Mad Hatter Winery, US",,
"Massimo Penna Winery, Italy",,
"Franco Conterno Winery, Italy",,
"Agostino Bosco Winery, Italy",,
"Cantine Gemma Winery, Italy",,
"TR Elliott Winery, US",,
"La Ganghija Winery, Italy",,
"pb Winery, US",,
"Anselma Winery, Italy",,
"Robert Young Winery, US",,
"Nikolaihof Winery, Austria",,
"Eaglepoint Ranch Winery, US",,
"Santa Cruz Mountain Vineyard, US",,
"Balthasar Ress Winery, Germany",,
"BKB Winery, US",,
"Colliano Winery, Slovenia",,
"Col Solare Winery, US",,
"Dyer Winery, US",,
"Smith Woodhouse Winery, Portugal",,
"Emineo Winery, South Africa",,
"Respite Winery, US",,
"W.S. Keyes Winery, US",,
"Quady Winery, US",,
"Bodega Patritti Winery, Argentina",,
"Nita Winery, Spain",,
"SeÃ±orÃ­o de Sotillo Winery, Spain",,
"Domaine de Poulvarel Winery, France",,
"Tenuta Villa Trasqua Winery, Italy",,
"Domaine du Vistre Winery, France",,
"Domaine des Coteaux des Travers Winery, France",,
"Domaine Gioulis Winery, Greece",,
"El XamfrÃ  Winery, Spain",,
"HdV Winery, US",,
"Mayu Winery, Chile",,
"Domaine du Jas d'Esclans Winery, France",,
"Domaine Feuillat-Juillot Winery, France",,
"Polz Winery, Austria",,
"Sonoma-Loeb Winery, US",,
"Sparrow Hawk Winery, US",,
"Cooper Vineyards, US",,
"Mendielle Vertu Winery, US",,
"Agricola Castellana Winery, Spain",,
"Valle Perdido Winery, Argentina",,
"Emilio's Terrace Winery, US",,
"Finca Los Lirios Winery, Argentina",,
"Penns Woods Winery, US",,
"Rued Winery, US",,
"VC Cellars Winery, US",,
"Gauthier Winery, US",,
"Agrolaguna Winery, Croatia",,
"Crossroads Winery, New Zealand",,
"Il Vino dei Padri Winery, Italy",,
"IloÄki Podrumi Winery, Croatia",,
"Istravino Winery, Croatia",,
"Pavillion Crossing Winery, US",,
"ChÃ¢teau Biac Winery, France",,
"ChÃ¢teau d'Aiguilhe Winery, France",,
"ChÃ¢teau Tour Grand Mayne Winery, France",,
"Julia Kemper Wines, Portugal",,
"La Marea Winery, US",,
"Valle da Fonte Winery, Portugal",,
"GrgiÄ Vina Winery, Croatia",,
"Simon Bize Winery, France",,
"Jawbone Winery, New Zealand",,
"Podere San Cristoforo Winery, Italy",,
"Barone Ricasoli Winery, Italy",,
"Chateau Lettau Winery, US",,
"Sassotondo Winery, Italy",,
"Celler Pasanau Winery, Spain",,
"Rocca di Frassinello Winery, Italy",,
"Castello di Bolgheri Winery, Italy",,
"Fattoria Kappa Winery, Italy",,
"Walter Dacon Winery, US",,
"Castello di Bossi Winery, Italy",,
"Castelmaure Winery, France",,
"ChÃ¢teau Citran Winery, France",,
"ChÃ¢teau Lyonnat Winery, France",,
"ChÃ¢teau SÃ©gur de Cabanac Winery, France",,
"Finisterra Winery, Portugal",,
"First Press Winery, US",,
"Azienda Agricola Milazzo Winery, Italy",,
"Mazza Chautauqua Cellars Winery, US",,
"Entropy Cellars Winery, US",,
"Amberhill Winery, US",,
"Wilson Daniels Winery, US",,
"Domaine Maby Winery, France",,
"Mandolin Winery, US",,
"6 Under Winery, US",,
"Baron de Escal Winery, Spain",,
"Batzella Winery, Italy",,
"Herdade do PerdigÃ£o Winery, Portugal",,
"Jaspi Winery, Spain",,
"Collavini Winery, Italy",,
"Domaine des Coltabards Winery, France",,
"Heron Winery, US",,
"Ideal Drinks Winery, Portugal",,
"Marco Felluga Winery, Italy",,
"Bacio Divino Winery, US",,
"Pardas Winery, Spain",,
"Domaine du Pradas Winery, France",,
"Vine Hill Winery, US",,
"Alois Lageder Winery, Italy",,
"Cantine Florio Winery, Italy",,
"Sorelle Per Sempre Winery, US",,
"Colombo Winery, Italy",,
"Jessie's Grove Winery, US",,
"Prima Materia Winery, US",,
"Ess & See Winery, Australia",,
"Flanagan Winery, US",,
"Valdelana Winery, Spain",,
"Domaine de la Bastide Winery, France",,
"Granate Winery, Spain",,
"Ilurce Winery, Spain",,
"Menduco Winery, Argentina",,
"Vieux ChÃ¢teau des Combes Winery, France",,
"Zin 91 Winery, US",,
"ChÃ¢teau la Lauzette Winery, France",,
"ChÃ¢teau la Roque de By Winery, France",,
"Hay Maker Winery, New Zealand",,
"Evening Land Winery, France",,
"Red Cap Winery, US",,
"Honor Winery, US",,
"Juslyn Vineyards, US",,
"Casata Monfort Winery, Italy",,
"ChÃ¢teau Vitallis Winery, France",,
"Domaine Corine Perchaud Winery, France",,
"Dutschke Winery, Australia",,
"Gain Bay Winery, US",,
"Pierre Vessigaud Winery, France",,
"Ellman Family Winery, US",,
"Weingut Am Stein Winery, Germany",,
"Le Petit Panier Winery, France",,
"Abbeyville Winery, US",,
"Neal Family Winery, US",,
"Plan B Winery, US",,
"Domaine de la Grange Winery, France",,
"Rios de Tinta Winery, Spain",,
"Rocca di Montegrossi Winery, Italy",,
"Elio Altare Winery, Italy",,
"Wolf Family Winery, US",,
"Giacosa Fratelli Winery, Italy",,
"Anomaly Winery, US",,
"Cellers Melis Winery, Spain",,
"Weingut Christ Winery, Austria",,
"Le Pianelle Winery, Italy",,
"Fulcrum Winery, US",,
"Garber & Goltz Winery, Austria",,
"Lea Winery, US",,
"Peace Water Winery, US",,
"Aigner Winery, Austria",,
"Gotham Winery, Australia",,
"Laguna de la Nava Winery, Spain",,
"Ackerman Winery, France",,
"Anterra Winery, Italy",,
"Bel Lago Winery, US",,
"Byington Winery, US",,
"Castel Firmian Winery, Italy",,
"Isidoro Polencic Winery, Italy",,
"Sant Rafel Winery, Spain",,
"Manifesto! Winery, US",,
"Quattrocchi Winery, Argentina",,
"Black Cordon Winery, US",,
"Quarles Harris Winery, Portugal",,
"Site Winery, US",,
"Bodegas Carchelo Winery, Spain",,
"ChÃ¢teau l'Afrique Winery, France",,
"ChÃ¢teau les Ancres Winery, France",,
"Clos SolÃ¨ne Winery, US",,
"Finca Valpiedra Winery, Spain",,
"J. Rochioli Winery, US",,
"Kimmel Winery, US",,
"Umberto Cesari Winery, Italy",,
"Terre de la Custodia Winery, Italy",,
"Alma Negra Winery, Argentina",,
"ChÃ¢teau Mirambeau Papin Winery, France",,
"VIgnobles Ducourt Winery, France",,
"Reginato Winery, Argentina",,
"ZagarrÃ³n Winery, Spain",,
"La Battagliola Winery, Italy",,
"Blanco Nieva Winery, Spain",,
"Don Leta Winery, Argentina",,
"Ginestet Winery, France",,
"Pagos Familia Langa Winery, Spain",,
"SchÃ¤fer Winery, Germany",,
"Signaterra Benziger Winery, US",,
"Domaine Jean Petitot et Fils Winery, France",,
"Domaine Perraud Winery, France",,
"Chateau Chantal Winery, US",,
"Robert Klingenfus Winery, France",,
"Shenandoah Vineyards, US",,
"ValmiÃ±or Winery, Spain",,
"Vignobles de Balma Venitia Winery, France",,
"ViÃ±a Maipu Winery, Argentina",,
"Arregi Winery, Spain",,
"Bluenose Winery, US",,
"Campos de Luz Winery, Spain",,
"El Hada Winery, Spain",,
"Avide Winery, Italy",,
"Bonpas Winery, France",,
"Cesca Vicent Winery, Spain",,
"Clavo Cellars Winery, US",,
"Et Fille Winery, US",,
"Manolesaki Winery, Greece",,
"SeÃ±orio de Valdiestro Winery, Spain",,
"GewÃ¼rztraminer Winery, Germany",,
"Perticaia Winery, Italy",,
"Gypsy Canyon Winery, US",,
"Domaine Sainte LÃ©ocadie Winery, France",,
"ChÃ¢teau la Rayre Winery, France",,
"I'M Winery, US",,
"Nuthatch Cellars Winery, US",,
"Oakville East Winery, US",,
"Quintarelli Winery, Italy",,
"Domaine Drouhin-Laroze Winery, France",,
"Prinz von Hessen Winery, Germany",,
"Rio Alto Winery, Chile",,
"Caves Dom Teodosio Winery, Portugal",,
"David Hill Winery, US",,
"Alphart Winery, Austria",,
"Casale Daviddi Winery, Italy",,
"Davis Estates Winery, US",,
"Michael FrÃ¶hlich Winery, Germany",,
"Nittardi Winery, Italy",,
"Pargua Winery, Chile",,
"29 & Oak Wines, US",,
"Board Track Racer Winery, US",,
"SueÃ±o Winery, Spain",,
"Allimant-Laugner Winery, France",,
"Angels & Cowboys Winery, US",,
"ChÃ¢teau Lamothe de Haux Winery, France",,
"ChÃ¢teau Le Giron Winery, France",,
"ChÃ¢teau Roc de Minvielle Winery, France",,
"Lo Domeni Winery, France",,
"Dauny PÃ¨re et Fils Winery, France",,
"Paringa Winery, Australia",,
"Pumphouse Winery, US",,
"Sibling Rivalry Winery, Australia",,
"Sequin Winery, US",,
"ChÃ¢teau K Winery, France",,
"Playtime Winery, US",,
"Kalfu Winery, Chile",,
"Stella Bella Winery, Australia",,
"Josef Ehmoser Winery, Austria",,
"Machherndl Winery, Austria",,
"Ray's Station Vineyards, US",,
"Azienda Agricola Cogno Winery, Italy",,
"Fiore d'Arancio Winery, US",,
"Townshend Winery, US",,
"Principiano Ferdinando Winery, Italy",,
"Bodega Renacer Winery, Chile",,
"Charles de Cazanove Winery, France",,
"J. de Telmont Winery, France",,
"La Giaretta Winery, Italy",,
"M. Cosentino Winery, US",,
"Seven of Hearts Winery, US",,
"Tommaso Bussola Winery, Italy",,
"Houdini Winery, US",,
"Seacampo Winery, Portugal",,
"Tempus Cellars Winery, US",,
"Tenshen Winery, US",,
"Koenig Winery, France",,
"ChÃ¢teau la Pointe Winery, France",,
"DeLucia Vineyards, Italy",,
"L'Ostal Cazes Winery, France",,
"Glen Carlou Winery, South Africa",,
"ChÃ¢teau des Karantes Winery, France",,
"ChÃ¢teau Haut-BeausÃ©jour Winery, France",,
"Chateau Rollat Winery, US",,
"Crowded House Winery, New Zealand",,
"Dr. Wagner Winery, Germany",,
"J Wilkes Winery, US",,
"Slow Press Winery, US",,
"ChÃ¢teau de la Chaize Winery, France",,
"Daniel Belda Winery, Spain",,
"Ambo Secco Winery, Italy",,
"Angosto Winery, Spain",,
"Rivino Winery, US",,
"Rocky Hill Winery, US",,
"Casa S.M. de Tourais Winery, Portugal",,
"Hayes Valley Winery, US",,
"Le Bertille Winery, Italy",,
"Vieux Château des Combes Winery, France",,
"Zin 91 Winery, US",,
"Château la Lauzette Winery, France",,
"Château la Roque de By Winery, France",,
"Hay Maker Winery, New Zealand",,
"Evening Land Winery, France",,
"Red Cap Winery, US",,
"Honor Winery, US",,
"Juslyn Vineyards, US",,
"Casata Monfort Winery, Italy",,
"Château Vitallis Winery, France",,
"Domaine Corine Perchaud Winery, France",,
"Dutschke Winery, Australia",,
"Gain Bay Winery, US",,
"Pierre Vessigaud Winery, France",,
"Ellman Family Winery, US",,
"Weingut Am Stein Winery, Germany",,
"Le Petit Panier Winery, France",,
"Abbeyville Winery, US",,
"Neal Family Winery, US",,
"Plan B Winery, US",,
"Domaine de la Grange Winery, France",,
"Rios de Tinta Winery, Spain",,
"Rocca di Montegrossi Winery, Italy",,
"Elio Altare Winery, Italy",,
"Wolf Family Winery, US",,
"Giacosa Fratelli Winery, Italy",,
"Anomaly Winery, US",,
"Cellers Melis Winery, Spain",,
"Weingut Christ Winery, Austria",,
"Le Pianelle Winery, Italy",,
"Fulcrum Winery, US",,
"Garber & Goltz Winery, Austria",,
"Lea Winery, US",,
"Peace Water Winery, US",,
"Aigner Winery, Austria",,
"Gotham Winery, Australia",,
"Laguna de la Nava Winery, Spain",,
"Ackerman Winery, France",,
"Anterra Winery, Italy",,
"Bel Lago Winery, US",,
"Byington Winery, US",,
"Castel Firmian Winery, Italy",,
"Isidoro Polencic Winery, Italy",,
"Sant Rafel Winery, Spain",,
"Manifesto! Winery, US",,
"Quattrocchi Winery, Argentina",,
"Black Cordon Winery, US",,
"Quarles Harris Winery, Portugal",,
"Site Winery, US",,
"Bodegas Carchelo Winery, Spain",,
"Château l'Afrique Winery, France",,
"Château les Ancres Winery, France",,
"Clos Solène Winery, US",,
"Finca Valpiedra Winery, Spain",,
"J. Rochioli Winery, US",,
"Kimmel Winery, US",,
"Umberto Cesari Winery, Italy",,
"Terre de la Custodia Winery, Italy",,
"Alma Negra Winery, Argentina",,
"Château Mirambeau Papin Winery, France",,
"VIgnobles Ducourt Winery, France",,
"Reginato Winery, Argentina",,
"Zagarrón Winery, Spain",,
"La Battagliola Winery, Italy",,
"Blanco Nieva Winery, Spain",,
"Don Leta Winery, Argentina",,
"Ginestet Winery, France",,
"Pagos Familia Langa Winery, Spain",,
"Schäfer Winery, Germany",,
"Signaterra Benziger Winery, US",,
"Domaine Jean Petitot et Fils Winery, France",,
"Domaine Perraud Winery, France",,
"Chateau Chantal Winery, US",,
"Robert Klingenfus Winery, France",,
"Shenandoah Vineyards, US",,
"Valmiñor Winery, Spain",,
"Vignobles de Balma Venitia Winery, France",,
"Viña Maipu Winery, Argentina",,
"Arregi Winery, Spain",,
"Bluenose Winery, US",,
"Campos de Luz Winery, Spain",,
"El Hada Winery, Spain",,
"Avide Winery, Italy",,
"Bonpas Winery, France",,
"Cesca Vicent Winery, Spain",,
"Clavo Cellars Winery, US",,
"Et Fille Winery, US",,
"Manolesaki Winery, Greece",,
"Señorio de Valdiestro Winery, Spain",,
"Gewürztraminer Winery, Germany",,
"Perticaia Winery, Italy",,
"Gypsy Canyon Winery, US",,
"Domaine Sainte Léocadie Winery, France",,
"Château la Rayre Winery, France",,
"I'M Winery, US",,
"Nuthatch Cellars Winery, US",,
"Oakville East Winery, US",,
"Quintarelli Winery, Italy",,
"Domaine Drouhin-Laroze Winery, France",,
"Prinz von Hessen Winery, Germany",,
"Rio Alto Winery, Chile",,
"Caves Dom Teodosio Winery, Portugal",,
"David Hill Winery, US",,
"Alphart Winery, Austria",,
"Casale Daviddi Winery, Italy",,
"Davis Estates Winery, US",,
"Michael Fröhlich Winery, Germany",,
"Nittardi Winery, Italy",,
"Pargua Winery, Chile",,
"29 & Oak Wines, US",,
"Board Track Racer Winery, US",,
"Sueño Winery, Spain",,
"Allimant-Laugner Winery, France",,
"Angels & Cowboys Winery, US",,
"Château Lamothe de Haux Winery, France",,
"Château Le Giron Winery, France",,
"Château Roc de Minvielle Winery, France",,
"Lo Domeni Winery, France",,
"Dauny Père et Fils Winery, France",,
"Paringa Winery, Australia",,
"Pumphouse Winery, US",,
"Sibling Rivalry Winery, Australia",,
"Sequin Winery, US",,
"Château K Winery, France",,
"Playtime Winery, US",,
"Kalfu Winery, Chile",,
"Stella Bella Winery, Australia",,
"Josef Ehmoser Winery, Austria",,
"Machherndl Winery, Austria",,
"Ray's Station Vineyards, US",,
"Azienda Agricola Cogno Winery, Italy",,
"Fiore d'Arancio Winery, US",,
"Townshend Winery, US",,
"Principiano Ferdinando Winery, Italy",,
"Bodega Renacer Winery, Chile",,
"Charles de Cazanove Winery, France",,
"J. de Telmont Winery, France",,
"La Giaretta Winery, Italy",,
"M. Cosentino Winery, US",,
"Seven of Hearts Winery, US",,
"Tommaso Bussola Winery, Italy",,
"Houdini Winery, US",,
"Seacampo Winery, Portugal",,
"Tempus Cellars Winery, US",,
"Tenshen Winery, US",,
"Koenig Winery, France",,
"Château la Pointe Winery, France",,
"DeLucia Vineyards, Italy",,
"L'Ostal Cazes Winery, France",,
"Glen Carlou Winery, South Africa",,
"Château des Karantes Winery, France",,
"Château Haut-Beauséjour Winery, France",,
"Chateau Rollat Winery, US",,
"Crowded House Winery, New Zealand",,
"Dr. Wagner Winery, Germany",,
"J Wilkes Winery, US",,
"Slow Press Winery, US",,
"Château de la Chaize Winery, France",,
"Daniel Belda Winery, Spain",,
"Ambo Secco Winery, Italy",,
"Angosto Winery, Spain",,
"Rivino Winery, US",,
"Rocky Hill Winery, US",,
"Casa S.M. de Tourais Winery, Portugal",,
"Hayes Valley Winery, US",,
"Le Bertille Winery, Italy",,
"Domaine des Terres Dorées Winery, France",,
"Vignerons des Pierres Dorées Winery, France",,
"4 Cellars Winery, US",,
"Boutinot Winery, France",,
"Cerebella Winery, US",,
"Rabble Winery, US",,
"Raphael Sallet Winery, France",,
"SeaGlass Winery, US",,
"Tenuta San Mauro Winery, Italy",,
"Joleté Winery, US",,
"Les Collines du Bourdic Winery, France",,
"Citation Winery, US",,
"Falesco Winery, Italy",,
"Filus Winery, Argentina",,
"La Carraia Winery, Italy",,
"La Zerba Winery, Italy",,
"Leopard's Leap Winery, South Africa",,
"Cantarutti Winery, Italy",,
"Cantine Lunae Bosoni Winery, Italy",,
"Josef Weger Winery, Italy",,
"Martinelli Winery, US",,
"Obrigado Winery, Portugal",,
"Tenuta Cà Bolani Winery, Italy",,
"Dr. Nägler Winery, Germany",,
"Domaine Claude Branger Winery, France",,
"Alexandre Monmousseau Winery, France",,
"Cà Lojera Winery, Italy",,
"Schmitz 24 Brix Winery, US",,
"Valley View Winery, US",,
"Hey Mambo Winery, US",,
"Lestonnat Winery, France",,
"Château Bel-Air Winery, France",,
"Manos Negras Winery, Argentina",,
"Le Prince Winery, France",,
"Lexicon Winery, Argentina",,
"Ruca Malen Winery, Argentina",,
"Magness Winery, US",,
"Sivas-Sonoma Winery, US",,
"Andriano Winery, Italy",,
"Casal Paço Padreiro Winery, Portugal",,
"Domaine Luc et Lise Pavelot Winery, France",,
"Château de Vaudieu Winery, France",,
"Domaine de la Janasse Winery, France",,
"Domaine des Croix Winery, France",,
"Domaine Nicolas Rossignol Winery, France",,
"Domaine Marc Roy Winery, France",,
"Château Desmirail Winery, France",,
"Château Talbot Winery, France",,
"Quinta de São José Winery, Portugal",,
"Saffron Fields Vineyard, US",,
"Alpha Crucis Winery, Australia",,
"Glaetzer Winery, Australia",,
"Kevin White Winery, US",,
"Lioco Winery, US",,
"Maragas Winery, US",,
"Sant'Andrea in Colle Winery, Italy",,
"Elderton Winery, Australia",,
"Grÿphus Winery, Chile",,
"Balderdash Winery, US",,
"Conde Villar Winery, Portugal",,
"Domaine le Roc Winery, France",,
"Viña Eguía Winery, Spain",,
"Wildling Winery, Australia",,
"Mont Paral Winery, Spain",,
"Methven Family Vineyards, US",,
"Vigneti Fantinel Winery, Italy",,
"Zorzettig Winery, Italy",,
"Cantina San Martino Winery, Italy",,
"Scubia Winery, Italy",,
"Bodega del Sur Winery, US",,
"Bray Winery, US",,
"Château de L'Aumerade Winery, France",,
"Premius Winery, France",,
"Château Trimoulet Winery, France",,
"Venus Winery, US",,
"Vigil Winery, US",,
"Stone Creek Winery, US",,
"Talus Winery, US",,
"Windsor Winery, US",,
"Domaine de Magalanne Winery, France",,
"Quo Winery, Spain",,
"Binz Winery, Germany",,
"Château Bois de Rolland Winery, France",,
"Château du Grand Bos Winery, France",,
"Château Magnol Winery, France",,
"Condé Winery, Italy",,
"Ecker Winery, Austria",,
"Lustig Winery, Austria",,
"MAD Wines, US",,
"Jacella Winery, US",,
"L'Amphore de Provence Winery, France",,
"Château Allégret Winery, France",,
"Cimarone Winery, US",,
"Vieux Château des Combes Winery, France",,
"Zin 91 Winery, US",,
"Château la Lauzette Winery, France",,
"Château la Roque de By Winery, France",,
"Hay Maker Winery, New Zealand",,
"Evening Land Winery, France",,
"Red Cap Winery, US",,
"Honor Winery, US",,
"Juslyn Vineyards, US",,
"Casata Monfort Winery, Italy",,
"Château Vitallis Winery, France",,
"Domaine Corine Perchaud Winery, France",,
"Dutschke Winery, Australia",,
"Gain Bay Winery, US",,
"Pierre Vessigaud Winery, France",,
"Ellman Family Winery, US",,
"Weingut Am Stein Winery, Germany",,
"Le Petit Panier Winery, France",,
"Abbeyville Winery, US",,
"Neal Family Winery, US",,
"Plan B Winery, US",,
"Domaine de la Grange Winery, France",,
"Rios de Tinta Winery, Spain",,
"Rocca di Montegrossi Winery, Italy",,
"Elio Altare Winery, Italy",,
"Wolf Family Winery, US",,
"Giacosa Fratelli Winery, Italy",,
"Anomaly Winery, US",,
"Cellers Melis Winery, Spain",,
"Weingut Christ Winery, Austria",,
"Le Pianelle Winery, Italy",,
"Fulcrum Winery, US",,
"Garber & Goltz Winery, Austria",,
"Lea Winery, US",,
"Peace Water Winery, US",,
"Aigner Winery, Austria",,
"Gotham Winery, Australia",,
"Laguna de la Nava Winery, Spain",,
"Ackerman Winery, France",,
"Anterra Winery, Italy",,
"Bel Lago Winery, US",,
"Byington Winery, US",,
"Castel Firmian Winery, Italy",,
"Isidoro Polencic Winery, Italy",,
"Sant Rafel Winery, Spain",,
"Manifesto! Winery, US",,
"Quattrocchi Winery, Argentina",,
"Black Cordon Winery, US",,
"Quarles Harris Winery, Portugal",,
"Site Winery, US",,
"Bodegas Carchelo Winery, Spain",,
"Château l'Afrique Winery, France",,
"Château les Ancres Winery, France",,
"Clos Solène Winery, US",,
"Finca Valpiedra Winery, Spain",,
"J. Rochioli Winery, US",,
"Kimmel Winery, US",,
"Umberto Cesari Winery, Italy",,
"Terre de la Custodia Winery, Italy",,
"Alma Negra Winery, Argentina",,
"Château Mirambeau Papin Winery, France",,
"VIgnobles Ducourt Winery, France",,
"Reginato Winery, Argentina",,
"Zagarrón Winery, Spain",,
"La Battagliola Winery, Italy",,
"Blanco Nieva Winery, Spain",,
"Don Leta Winery, Argentina",,
"Ginestet Winery, France",,
"Pagos Familia Langa Winery, Spain",,
"Schäfer Winery, Germany",,
"Signaterra Benziger Winery, US",,
"Domaine Jean Petitot et Fils Winery, France",,
"Domaine Perraud Winery, France",,
"Chateau Chantal Winery, US",,
"Robert Klingenfus Winery, France",,
"Shenandoah Vineyards, US",,
"Valmiñor Winery, Spain",,
"Vignobles de Balma Venitia Winery, France",,
"Viña Maipu Winery, Argentina",,
"Arregi Winery, Spain",,
"Bluenose Winery, US",,
"Campos de Luz Winery, Spain",,
"El Hada Winery, Spain",,
"Avide Winery, Italy",,
"Bonpas Winery, France",,
"Cesca Vicent Winery, Spain",,
"Clavo Cellars Winery, US",,
"Et Fille Winery, US",,
"Manolesaki Winery, Greece",,
"Señorio de Valdiestro Winery, Spain",,
"Gewürztraminer Winery, Germany",,
"Perticaia Winery, Italy",,
"Gypsy Canyon Winery, US",,
"Domaine Sainte Léocadie Winery, France",,
"Château la Rayre Winery, France",,
"I'M Winery, US",,
"Nuthatch Cellars Winery, US",,
"Oakville East Winery, US",,
"Quintarelli Winery, Italy",,
"Domaine Drouhin-Laroze Winery, France",,
"Prinz von Hessen Winery, Germany",,
"Rio Alto Winery, Chile",,
"Caves Dom Teodosio Winery, Portugal",,
"David Hill Winery, US",,
"Alphart Winery, Austria",,
"Casale Daviddi Winery, Italy",,
"Davis Estates Winery, US",,
"Michael Fröhlich Winery, Germany",,
"Nittardi Winery, Italy",,
"Vieux Château des Combes Winery, France",,
"Zin 91 Winery, US",,
"Château la Lauzette Winery, France",,
"Château la Roque de By Winery, France",,
"Hay Maker Winery, New Zealand",,
"Evening Land Winery, France",,
"Red Cap Winery, US",,
"Honor Winery, US",,
"Juslyn Vineyards, US",,
"Casata Monfort Winery, Italy",,
"Château Vitallis Winery, France",,
"Domaine Corine Perchaud Winery, France",,
"Dutschke Winery, Australia",,
"Gain Bay Winery, US",,
"Pierre Vessigaud Winery, France",,
"Ellman Family Winery, US",,
"Weingut Am Stein Winery, Germany",,
"Le Petit Panier Winery, France",,
"Abbeyville Winery, US",,
"Neal Family Winery, US",,
"Plan B Winery, US",,
"Domaine de la Grange Winery, France",,
"Rios de Tinta Winery, Spain",,
"Rocca di Montegrossi Winery, Italy",,
"Elio Altare Winery, Italy",,
"Wolf Family Winery, US",,
"Giacosa Fratelli Winery, Italy",,
"Anomaly Winery, US",,
"Cellers Melis Winery, Spain",,
"Weingut Christ Winery, Austria",,
"Le Pianelle Winery, Italy",,
"Fulcrum Winery, US",,
"Garber & Goltz Winery, Austria",,
"Lea Winery, US",,
"Peace Water Winery, US",,
"Aigner Winery, Austria",,
"Gotham Winery, Australia",,
"Laguna de la Nava Winery, Spain",,
"Ackerman Winery, France",,
"Anterra Winery, Italy",,
"Bel Lago Winery, US",,
"Byington Winery, US",,
"Castel Firmian Winery, Italy",,
"Isidoro Polencic Winery, Italy",,
"Sant Rafel Winery, Spain",,
"Manifesto! Winery, US",,
"Quattrocchi Winery, Argentina",,
"Black Cordon Winery, US",,
"Quarles Harris Winery, Portugal",,
"Site Winery, US",,
"Bodegas Carchelo Winery, Spain",,
"Château l'Afrique Winery, France",,
"Château les Ancres Winery, France",,
