Italy,Castello di Selvole
Italy,Carus Vini
France,Vignobles de Roany
Italy,Canaletto
Spain,Bodegas Pirineos
Spain,Circe
US,Square Peg
US,Ilaria
US,Park Lane
US,Fasi Crest
US,Kasuari
US,R & B Cellars
Chile,Villard
Argentina,Condor's Summit
Chile,Dancing Flame
France,Domaine de la Solitude
Italy,Cantine Europa
US,Kenneth-Crawford
Spain,Galizeus
US,Mahonia
France,Chêne Peyraille Tradition
France,Le Haut Païs
Spain,Ponte da Boga
US,Amaro Vineyard
Spain,Aragus
France,Château Bel Orme Martial
France,Château Croix Mouton
France,Château Haut Pougnan
France,Château Lauzanet
France,Domaine Guy Mousset
France,Fat Bastard
France,Château Jamin
France,Château de Chamirey
Argentina,Argie
Italy,Collis Veneto Wine Group
France,Loïc Mahe
US,De Sante
US,JD
US,Alienor
US,Sledgehammer
Greece,Loukatos
US,Kluge Estate
France,Les Caves Joseph
France,Château Bois Redon
US,Cielo Malibu Estate Vineyards
Israel,Dovev
France,Duval & Blanchet
France,Château la Valade
Italy,La Gironda di Galandrino
France,Domaine Belland
France,Domaine Cordaillat
France,Domaine de Bel Air
France,Domaine de Chevilly
France,Domaine Jean-Paul Picard
France,Domaine Reverdy-Ducroux
Spain,Siglo
US,Phipps
Italy,Maestro di Antichi Castelli
France,Domaine de l'Aurage
Uruguay,Familia Traversa
US,iNapa Wine
France,Domaine A. Cailbourdin
France,Domaine Cherrier et Fils
US,Calistoga Cellars
US,Crooked Path
US,House Band
Argentina,Altos de San Isidro
Spain,Viña Palaciega
Spain,Matiz
Spain,Peña Roble
Spain,Vinyes Doménech
Spain,Finca El Quiñón
Austria,Maurer
Italy,Le Due Terre
Italy,Primo Volo
Italy,Tenuta H.Lentsch
Italy,Fay
Spain,Licinia
France,Bedouet
France,Domaine Roux
France,Romain Reverdy
US,Furioso
France,Hugues Godmé
Austria,Weingut Frank
Italy,Tenuta La Viola
US,Jade Moon
Spain,Viñestral
France,Château Bois de Favereau
France,Château la Tourbeille
France,Château Réaut
France,Château Valentin
US,Mellowood
US,Shared Notes
Italy,Antoniolo
Italy,Cantina Massara Burlotto
France,Château Lassègue
Slovenia,Movia
US,Napa Angel by Montes
US,Native Sun
US,Wild Hog
Italy,Cascina Galarin
France,Château de Saurs
Italy,Costa Olmo
France,Domaine la Hitaire
New Zealand,Harbor Town
Italy,Cascina Roera
New Zealand,3 Stones
Spain,Bodegas Núñez
Spain,El Grifo
US,Danza del Sol
France,Domaine Siret-Courtaud
US,Blackburn Wine Company
Spain,Bovale
Spain,Camps d'Estels
US,Hypothesis
France,Roland Tissier et Fils
Spain,Finca del Castillo
Lebanon,Massaya
Italy,Pepi Lignana
US,Mark David
Portugal,Senhora do Convento
Spain,Dominio de Berzal
US,Black Cat
France,Mas de Gourgonnier
France,Laleure-Piot
US,Clark-Claudon
US,Seavey
US,Aura
Italy,Cantina Sociale di Dolianova
US,Oakwild Ranch
Spain,Bodegas Qumrán
Portugal,Ervideira
US,Cherokee Vineyards
Spain,Conde de Jauregui
US,Divine Llama
US,Concrete
France,Domaine Dampt Père et Fils
Australia,Warramate
Australia,Mt. Monster
US,Cockerell
Italy,Camossi
Italy,Cornaleto
Italy,Il Bosco di Grazia
Italy,Rascioni e Cecconello
Italy,Emidio Pepe
Germany,Landshut
US,Headbanger
South Africa,Stellenbosch Hills
South Africa,Beyerskloof
New Zealand,Margrain
Italy,Gaierhof
Italy,Borgo Magredo
Portugal,Dom Ponciano
Italy,Draga
Spain,Viña Altamar
Italy,Weinhof Kobler
Italy,Moser
South Africa,Douglas Green
South Africa,Org de Rac
US,Jonquille
France,Château des Gimarets
US,Cultura
Spain,Monte Pinadillo
US,Phifer Pavitt
Italy,Cantine Farro
Spain,Viore
Italy,Monogram
US,Peju Province
France,Château Beaumont Les Pierrières
France,Château la Barotte
Italy,Antonutti
Italy,Niedrist
France,Carayon la Rose
France,Château Cazeau
France,Château de Roquefort
France,Domaine du Deffends
South Africa,Wildekrans
US,Source Napa
US,Lost Blues
Canada,Vanessa
France,Domaine Lucien Barrot et Fils
Spain,Estefania
Italy,Casa Roma
New Zealand,Stratum
US,Firefly Ridge
Australia,Little Penguin
France,Domaine de Maison Neuve
US,Lodi Estates
France,Château La Tour Figeac
New Zealand,Discovery
South Africa,Oak Valley
US,Indulge
Chile,Los Molles
Germany,Melsheimer
US,Wondrous
US,Bootleg
Italy,Braschi
France,Domaine de la Graveirette
Australia,Snake and Herring
US,Cobden Wini
US,Curran
Chile,Vik
US,The Smuggler's Son
US,Audelssa
Spain,Gotín del Risc
US,Ghost Block
New Zealand,Pyramid Valley
France,Château La Barotte
US,Auriga
France,Abbaye De Tholomies
Australia,Alta
France,Château Fourcas Hosten
Italy,Vadiaperti
Spain,Rosa Nautica
France,Familly Valéry
US,Adega Northwest
Turkey,Selendi
US,1070 Green
France,Château Belle Coline
Spain,Família Oliveda
Italy,Perillo
US,Kinter Collins
Spain,Mad Dogs & Englishmen
Italy,Mier Vini
US,Garfield Estates
US,Taylor
France,Cherrier Frères
France,Domaine Paul Thomas
US,Balancing Act
France,Château Gautoul
US,Deovlet
US,Hocus Pocus
Austria,St. Laurent
France,O'Vineyards
Italy,Mauro Franchino
Italy,Rocche Castamagna
France,Château Tour Baladoz
France,Domaine de Terrebrune
US,Knight Hill
US,Le Chanceux
Italy,Poderi Foglia
Italy,Traerte
US,Domaine Berrien
US,Marimar Torres
US,Sakonnet
France,Laurens
Spain,Montsarra
Australia,Penny's Hill
France,Pierre-Luc Bouchaud
Portugal,FVine
Spain,Raúl Pérez
England,Stopham Estate
Italy,Tenimenti Luigi D'Alessandro
US,Kelly Fleming
US,Delgadillo
France,Dirler-Cadé
France,Domaine Castell Reynoard
US,Clos Pepe
Spain,Pesquera
Spain,R+
US,Piocho
US,Stasis
US,Sherwin Family
US,Andrus
US,Harrison
US,Hartwell
Italy,Carbone
Italy,D'Orta - De Conciliis
US,Château Élan
France,Domaine du Rin du Bois
Spain,En Fuego
France,Cellier des Chartreux
Italy,Burchino
France,Chantebelle
US,Underwood
US,Jackson Estate
France,Philippe Jeannot
South Africa,Noble Hill
France,Domaine du Touja
US,Schooler Nolan
Argentina,The Seeker
France,Vino San Esteban
France,Domaine de l'Herré
Italy,Case Paolin
US,Garofalo
Argentina,Schroeder Estate
US,Silverback
France,Château Laroze
Portugal,Douro Prime
Argentina,Bodegas Fabre
US,Barbed Wire
Argentina,El Encanto
Argentina,Chardonnay
Croatia,Krauthaker
Germany,Heitlinger
Portugal,Maçanita Vinhos
Argentina,Graffito
Germany,Winzer Von Erbach
US,Auspicion
Italy,Casetto
France,Château l'Orangerie
France,Domaine du Petit Coteau
US,Eagle Eye
France,Les Vignerons des Coteaux Romanais
France,Château Blanchereau
France,Château Chai Neuf
Spain,Vega Moragona
Australia,Pepper Tree
Australia,Margan
Spain,Diez-Caballero
Spain,Bodegas Agustín Cubero
England,Exton Park Vineyard
Spain,Baica
US,Conclusion
Portugal,Adega de Penalva
South Africa,Keermont
Spain,La Universal
France,Domaine de la Foliette
France,Domaine de la Vieille Cure
Spain,Casa Primicia
France,Château Les Combes
France,Château Rivensan
France,Château Tour d'Auron
France,Château de Villeneuve
France,Château Graves de Pez
France,Château Haut Ballet
US,Moxy
New Zealand,Wild Earth
France,La Grille
US,Mikami Vineyards
Argentina,Finca las Nubes
US,Resilience
Australia,Yabby Lake Vineyard
Croatia,Toljanic
Italy,Fattoria Poggio Capponi
France,Les Vignerons D'Estezargues
Italy,Tenuta di Pietra Porzia
Italy,Trappolini
France,Arnaud de Villeneuve
England,Hattingley Valley Wines
Australia,Nova Vita
US,Pure
Italy,San Osvaldo
Italy,Luigino Grimaldi
Spain,Domini de la Cartoixa
US,Crosby Roamann
France,Yannick Amirault
France,Château de Rousse
US,M by Martellotto
US,George IV
US,Infinity
Italy,Sortina
US,Dog Tail
Spain,Gran Rigau
US,Javadi
US,Ku Dé Ta
Italy,Benito Ferrara
US,Clendenen
Argentina,LTU
Austria,Weingut Groiss
Italy,Fattorie Parri
Germany,Maringer-Reif
US,Miller Wine Works
US,Onward
New Zealand,Huntaway Reserve
Argentina,Casir Dos Santos
New Zealand,Catalina Sounds
Chile,Enclave
US,Aequorea
France,Château Chantelune
France,Château Franc Pipeau
US,Pont de Chevalier
France,Eric Taillet
France,Gallimard Père et Fils
US,Crystal Valley Cellars
US,Joliesse
US,Three Pears
Italy,Villa Fiorita
France,Biscaye Baie
Uruguay,Bracco Bosca
France,Château le Doyenne
France,Château les Conseillans
France,Château Tour Saint Germain
US,Anne Amie
Italy,Cantina Produttori di Valdobbiadene
Italy,Santa Cristina
US,Klee
France,Domaine de la Quilla
France,Domaine de Nerleux
Argentina,Bodega Zafado
US,Brengman Brothers
Italy,Castello della Rosa
Italy,Endrizzi
US,Sisters Forever
US,Deerfield
Italy,Tenuta del Portale
France,Domaine le Bout du Lieu
US,Once Upon a Vine
France,Château de Macard
France,Château Moulin de Mallet
US,Coach House
Italy,Tamburini
Italy,Tenuta di Tavignano
US,General's Ridge
US,Hume
Austria,Manfred Weiss
Italy,Podere Brizio Roberto Bellini
Italy,Tenuta I Greppi
Portugal,Howard's Folly
Chile,Famiglia Meschini
US,Cedar River Cellars
US,Mas Chappell
Mexico,La Lomita
France,La Font du Vent
France,LePlan-Vermeersch
France,Jean Rijckaert
South Africa,Deetlefs
Italy,La Sibilla
New Zealand,Makara
Croatia,Carić
Spain,Conde de Altava
US,Inspiration
US,Proteus
US,Powicana Farm
US,Rich Table
Italy,Roccolo del Lago
Uruguay,Antigua Bodega Stagnari
US,Avaler
Chile,Fernando Torres Torrent
US,RayLen
Portugal,Vale d'Algares
Italy,CampoReale
Spain,Miquel Pons
US,Estraié
US,The Cleaver
Moldova,Vinaria din Vale
France,Domaine de la Grande Séouve
France,Domaine de Sulauze
Chile,Llai Llai
Portugal,Calheiros Cruz
France,Franck & Olivier Mousset
US,Hart 2 Hart
Hungary,Heimann
Italy,Monte Antico
Australia,Winner's Tank
Spain,Marqués de Caro
US,Montoliva
France,Château Arnaud Jouan
US,Granite Heights
US,Acaibo
France,Domaine de la Croix
France,Domaine du Clos Gautier
France,Pierre Cornu Camus
US,Charles Fournier
Spain,Cruz
Spain,Ribera de Ulver
US,Spin the Bottle
US,Campus Oaks
Chile,Caliboro Estate
France,Château le Raz
Israel,Margalit
Austria,Cobenzl
Spain,Huerta de Albalá
US,Marianello
France,Domaine le Virolys
Hungary,Erzsébet Pince
Italy,Villa a Sesta
France,Château Bousquette
France,Poupille
Spain,Rexach Baqués
Spain,Tamaral
US,Simple Life
Italy,Tenuta di Capraia
Italy,Cantagallo
France,Château la Clotte
Spain,Casa Solar
Spain,Evohé
US,Steorra
Israel,Vitkin
US,Caldera
France,Château de l'Annonciation
US,Monochrome
France,Château Tourans
France,Domaine de la Tourmaline
Italy,Michele Ventura
US,Gallica
France,Jean-Paul Paquet
Italy,Vigne di Mezzo
Italy,Le Tre Stelle
New Zealand,Skyleaf
Chile,Aylin
Chile,El Huique
US,Brazin Cellars
US,High Pass
England,Hoffmann & Rathbone
Australia,Parker
US,Varda
US,Villa Toscano
US,Horned Toad
France,Château Belle-Garde
France,Domaine Chêne
France,Château Darzac
US,Amista
Spain,Princesa
Spain,Monte Hiniesta
France,Voirin-Jumel
France,Vincent Roussely
Spain,Adega dos Eidos
France,Domaine des Pasquiers
US,Luminary
France,Domaine de Beaurenard
US,Héroe
France,Château de Garros
France,Château des Judes
France,Château Le Bocage
France,Château Majureau Sercillan
US,Mendocino Vineyards
France,Château Lamothe Bouscaut
France,Château Hostens-Picant
US,Howell at the Moon
Spain,Altos del Cuco
France,Château la Révérence
France,Château Vieux Cardinal Lafaurie
Greece,Purely Greece
France,Château Jarr
France,Château Vignol
France,Cuvée Jean-Paul
France,Domaine de Mourchon
US,Magic Maker
Portugal,Pedra Cancela
France,Domaine de Lartigue
Spain,Cruz de Alba
Spain,Tenoira
France,Besombes Moc Baril
Spain,Bodegas Hnos. Pérez Pascuas
US,Dichotomy
US,Terra Sávia
France,Château la Caminade
Portugal,Filipa Pato
Italy,La Roncaia
US,Linked
US,Moon Eyes
Spain,Honoratus
France,Château Pégau
France,Château de Landure
Italy,Josef Brigl
US,Midlife Crisis
Portugal,Emilio Moro
Spain,J. Fernández de Arcaya Galdiano
Australia,Aurora
US,Rubberneck
US,Shippey
US,La Dolce Vita
Spain,Tagonius
France,Château Bardoulet
France,Château Bégadanet
France,Château Langlais
Georgia,Bagrationi 1882
Spain,Finca La María
Hungary,Tokaj Kereskedőház
US,Napa Ridge
US,York Mountain Winery
Chile,Francisco Gillmore
US,Kit Fox
Italy,Nando
Italy,Soldo
Italy,Luna Di Luna
US,Martin Family Vineyards
Italy,La Villa Veneta
Italy,Torresella
Italy,Massimago
South Africa,Mwitu
Spain,Pico Cuadro
Spain,Almez
Spain,Marqués de Valdueza
Chile,Viña Marty
Italy,La Collina dei Ciliegi
US,Lantz
Italy,Emilio Bulfon
Spain,Valdecampaña
France,Bailli de Bourg
Spain,Cathar
France,Château Noblet
US,Conway
US,Locations
Spain,Penelope Sanchez
France,Château Fongalan
France,Château Mezain
France,Clos Marsalette
US,Daniel Cohn
France,Nadine et Maurice Guerrin
Germany,Margarethenhof
Spain,Bodega del Abad
South Africa,Grangehurst
South Africa,Villiera
,Newton Johnson
South Africa,Adi Badenhorst & Duncan Savage
South Africa,B Vintners
Spain,Alion
Spain,Bohigas
France,Domaine des Fouques
France,Domaine du Cros
France,Domaines Pierre Chavin
France,Figuière
France,Château Jonc Blanc
Italy,Montenidoli
France,Château Grand Corbin-Despagne
France,Château Haut-Marbuzet
France,Château Fleur Cardinale
France,Château La Serre
France,Château Péby Faugères
South Africa,Landskroon
US,Domaine Coteau
US,The Winemaker's Loft
France,Château Rasque
Italy,Podere Rocche dei Manzoni
Spain,Convento de Las Claras
Germany,RR
US,Au Contraire
France,P. Louis Martini
France,Philippe Prié
Greece,Constantin Gofas
US,Love Noir
Spain,Pazos del Rey
France,Château Altimar
France,Château Haut Tour de Coutelin
France,Château les Graves de Lavaud
Italy,Podere San Giacomo
Austria,Riesling
US,Paro
France,Château Vannières
New Zealand,Etude
France,Château Clément Saint-Jean
Greece,Tetramythos
US,Folk Machine
US,Brella
France,Château d'Escurac
US,Besitos
US,Lampyridae
New Zealand,CJ Pask
US,Fort Walla Walla
Hungary,Vinum
Italy,Case Bianche
France,Domaine Talmard
France,Jules
Italy,Valentino Butussi
US,Ehrhardt
Italy,Giulia Negri
Slovenia,Zajc
France,Hubert Brochard
US,Sultry Cellars
France,La Mondotte
US,Truth
Australia,Lindemans
Italy,Cantine De Falco
France,Château de Montguéret
Italy,Kupelwieser
Italy,Maso Poli
Italy,Petrussa
France,Domaine Des Meix Porons
Argentina,Montesco
Germany,Schlossgut Diel
France,Château La Grange Clinet
US,El Molino
Greece,Estate Raptis
Australia,Ram's Leap
South Africa,Tall Horse
Australia,Kono Barú
South Africa,Bilton
France,Domaine d'Eugenie
US,El Pistolero
Slovenia,Bagueri
Georgia,Our Wine
US,Sill Family
US,Red Electra
US,Mia's Playground
Spain,Gabarda
Moldova,Acorex
US,San Saba
France,Château La Rose Saint Germain
US,Louloute
Italy,Doga delle Clavule
US,Vindemia
Germany,Weingut Geil
US,PreVail
US,Couvillion Winery
South Africa,Swaii
US,histoire
France,Little Black Dress
France,Château de Rhodes
France,Château Peugeais
Italy,La Castellada
Italy,Muzic
US,RouteStock
Spain,Ninín
US,Fields
US,Guglielmo
France,Château d'Arvigny
France,Château Guillebot Plaisance
France,Château Lousteauneuf
US,Running Brook
US,New Departure
Spain,Bodegas Alconde
France,Château Saint Martin de la Garrigue
Argentina,Chañarmuyo
Spain,Don Ramón
Italy,Caldera
France,Villa Noria
Germany,Redbreast
US,Devorah Creek
France,château Peychaud
France,Domaine Pommier
US,Snosrap
Portugal,Quinta do Pego
Portugal,Maynard's
US,8 Chains North
US,Tejada
US,Bravante
France,Domaine de la Ferté
France,Château Paveil de Luze
Italy,Venica & Venica
Italy,Cascina Alberta
South Africa,Bradgate
Spain,Legón
France,Château du Bois Chantant
France,Château Trocard
France,Château Fongrave
Australia,Occam's Razor
France,Château du Pitray
France,Château Les Petits Arnaud
Argentina,Gen Del Alma
South Africa,Waterkloof
US,Pam's Cuties
France,Château Baret
France,Château d'Alix
France,Domaine Eugène Meyer
US,Domaine Georg Rafael Vineyards
France,Arnoux & Fils
Italy,Loacker Corte Pavone
France,Les Vins de l'Herré
France,Jean-Pierre Large
France,Domaine les Fines Graves
US,Hunt & Ryde
Spain,Emilio Rojo
US,Rubinna
Italy,Kornell
US,Left Foot Charley
Italy,Malgra
Italy,Il Cascinone
Italy,Franco Serra
US,Pillar Rock
Italy,Podere L'Aione
Italy,Castello di Nipozzano
Spain,Amador Garcia
Italy,Fattoria di Felsina
Italy,Calbello
Italy,La Regola
US, Estate Vineyard Pinot Noir (Dundee Hills)
France,Thibert Père et Fils
Argentina,Aquilina
South Africa,Botanica
France,Domaine de la Soufrandise
France,Domaine Sainte Barbe
France,Frédéric Lornet
Australia,Hickinbotham
Italy,L'Aietta
England,Sugrue Pierre Ltd.
France,Moulin Touchais
US,Martorana
France,Château Saint-André de Figuière
France,La Croix
New Zealand,Massimo
Slovenia,Puklavec & Friends
Italy,Sassi San Cristoforo
Italy,Vigneti Zanatta
Argentina,Susana Balbo
US,Radog
Italy,Montipagano
France,Cox
Italy,Marchesi Torrigiani
Italy,Terre Nere Campigli Vallone
Chile,Montemar
Greece,UWC Samos
Italy,Fattoria Sorbaiano
France,Château Robin
US,Folktale
US,TruthTeller
US,Wine Saur
Austria,Schneider
US,Tournesol
US,Holmes Harbor Cellars
France,Château le Mayne Turon
Israel,Gamla
US,Anapamu
Chile,Walnut Crest
Italy,J. Hofstatter
US,Oakville Ranch
France,Château des Combes
US,Oliver
Italy,Palazzo Maffei
Italy,Bottega Vinai
France,Château La Fleur Poitou
France,Château L'Oiseau
France,Vignobles Falgueyret Leglise
Spain,Carlos Moro
France,Jean Berteau
Spain,Castillo de Fuenmayor
France,Chereau Carré
Spain,Finca Teira
Italy,Ambrosini Lorella
US,Atticus
Spain,Ysios
France,Château Balestard
Spain,Nuntia Vini
Italy,Gianfranco Fino
Australia,Epicurean
Austria,Broadbent
South Africa,Lothian Vineyards
Spain,Yllera
France,Domaine la Taste
France,S. Delafont
,Ktima Voyatzi
France,Laroque
US,Kendric Vineyards
US,Lake and Vine Cellars
US,Ghostrider
US,Gravelly Ford
Spain,Les Useres
US,Silver Oak
Spain,Alonso del Yerro
Australia,Hazyblur
US,Amizetta
US,Black Bart
Spain,Sombrero
Spain,Valle Rojo
US,Fralich
US,Bon Niche
Argentina,Ferllen
France,Château de Portets
France,Château Camensac
France,Château Batailley
France,Château Caronne Ste Gemme
US,Ramsay
Chile,Corinto
US,Estrella Creek
Italy,Quadra
US,Hamacher
France,Château Marquis d'Alesme
US,Tor
South Africa,M'Hudi
US,Glenwood Cellars
US,Desmond
France,Walden
US,Sparkling Blend
US,Pavilion Crossing
France,The Frenchhouse
US,Pugilist
US,Simple Solace
US,Johan
Argentina,Los Andes
Portugal,Quinta da Soalheiro
US,Glunz
Italy,Carillon
France,Château Favray
US,Archimedes
Italy,Tenimenti Zabù
France,Thorin
Portugal,Quinta do Sobreiró de Cima
Italy,Tenuta di Burchino
France,Domaine Patrice Colin
US,Pendulum
US,Landsman
US,Des Amis
Germany,Trullo
US,Arndt
Italy,Panzanello
Italy,Galadino
Spain,Terrenal
Spain,Godello
Spain,Azabache
US,Redgate
US,Saddle Ranch
US,Spenker
Chile,PKNT
Spain,Alex
Portugal,Quinta da Nespereira
Portugal,Quinta da Cortezia
US,Swick
US,Adelaida Cellars
US,Alexander-Smith
US,Mission Hardware
Italy,Posto Bello
US,Sunbox Eleven
Italy,Bivio
US,Goose Watch
France,Domaine Montaude
US,Trim
US,Shenanigans
US,16X20
US,Napa Wine Co.
US,Ruby Red
South Africa,False Bay
US,Butterfly Kiss
France,Domaine Guy & Yvan Dufouleur
Australia,Punt Road
France,Georges Lacombe
France,Château de Basty
France,Domaine de Colette
Italy,Giovello
US,Pozo Valley
US,Solaire by Robert Mondavi
Germany,Peter Lauer
France,Blason de Bourgogne
France,Château Clément Termes
South Africa,Essay
Italy,Amatore
South Africa,Long Neck
France,Château Castenet
US,Estrin
US,Palmaz
Australia,Beelgara
US,Dunnewood
US,Carina Cellars
Argentina,Four Aces
Italy,La Villa
Chile,Viña Machalí
Greece,Chatzivariti
US,Azari
Italy,Conte Brandolini
Italy,Torre Raone
Italy,Agostino Pavia & Figli
Italy,La Spinosa Alta
Italy,Poderi Alasia
Italy,Alfonso Boeri
Italy,Cantina Sociale di Mombercelli Terre Astesane
Italy,Cascina Corte di Barosi Alessandro
Italy,Cascina Garitina
Italy,Cantina Sociale Cooperativa di Copertino
France,Château Boyd-Cantenac
France,Château Moulin du Cadet
France,Château Chantelys
France,Domaine Barcelo
US,Hyatt Vineyards
Portugal,Apegadas Quinta Velha
France,Château Haut-Bacalan
France,Château Luchey-Halde
Argentina,Viejo Isaias
France,Pascal Berthier
France,Christophe Pacalet
France,Domaine Rochette
US,Ramian
US,Rua
US,Glencorrie
US,Parrish Family
France,Serveaux Fils
Italy,Montebelli
Italy,Tenuta Coppadoro
US,Eli Madyson
Italy,Ascevi Luwa
US,Blustone
Spain,Torelló
Israel,Titora
US,Sine Qua Non
Australia,Grosset
Greece,Dimitra
France,Domaine de Villargeau
Italy,Paolo Marcarino
Argentina,Tango Sur
Spain,Noster Inicial
Greece,Monemvasia
Spain,Bodegas Reyes
Portugal,Quinta do Cruzeiro
US,Otium
Argentina,Neu Direction
Spain,Osoti
Argentina,San Pedro
Argentina,Fingerprints
US,Sharabella Wines
US,Eagle Glen
Italy,Fletcher
France,Château Aiguilhe Querre
France,Guyot Choppin
US,Sockeye
Australia,Rothbury Estate
US,Talomas
South Africa,Klein Constantia
US,Chumeia
Australia,Chalice Bridge
South Africa,Robert's Rock
South Africa,Sinnya
South Africa,Haute Cabrière
Spain,Pazo San Mauro
Spain,D. Pedro de SoutoMaior
Australia,Geoff Merrill
Australia,Normans
Portugal,Quinta do Fojo
Italy,Lamoretti
France,Domaine de Cébène
Italy,Beccarello
Italy,La Travaglina
Spain,Yuntero
Spain,Marqués de Castilla
Spain,Arrayán
Spain,R.O.Q. Corp
Italy,Oasi degli Angeli
Italy,Bosco dei Cirmioli
Chile,Casa Viva
France,Château Baston-Brillette
France,Domaine du Penlois
France,Domaine la Croix des Marchands
France,Domaine de Roche Guillon
Italy,Scarzello
Spain,Mas Blanch I Jové
Spain,Laurona
US,Villa del Lago
US,Melanson
New Zealand,Governor's Bay
US,Hundred Suns
France,Domaine la Croix des Vainqueurs
France,Domaine Ansen
Spain,Trillón
France,Domaine Léon Boesch
Argentina,Budeguer
France,Château Torpez
France,Domaine Sainte Croix La Manuelle
France,Château l'Oasis
US,10Span
France,Château de Vauclaire
Italy,Cantine Olivella
Slovenia,Sanctum
US,Fesstivity
US,Matias Wines
Australia,Ringbolt
France,Le Clos de Beau-Père
Spain,Regina Viarum
US,Once and It's Gone
New Zealand,Savor
France,Château de Bordeneuve
Chile,Tussock Jumper
France,Cave de Gan
Spain,Castillo de Perelada
France,Domaine de la Pigeade
France,Domaine des Anges
France,Chatelain Desjacques
US,Lion Ranch
France,Vignerons de Mancey
Italy,Sarotto Roberto
US,Tranzind
US,William James
France,Domaine Pierre Martin
Italy,Querceto di Castellina
France,Château Gravas
France,Château Haut Gravet
France,Château l'Avocat
France,Château Prieuré Borde-Rouge
Italy,Poggio Borgoni
France,Philippe Raguenot
France,Château de Camarsac
France,Château Lanessan
US,Piedra Creek
US,Mithra
France,Petit Bistro
Argentina,Tupun
Portugal,Casaleiro
Italy,Principi di Porcìa
US,Dog House
Austria,Paul Achs
US,Vineyard of Pasterick
Italy,Fondazione Edmund Mach
Italy,Gulfi
Portugal,Quinta da Plansel
Argentina,Finca La Anita
US,Weinstock Cellars
Italy,Candoni
Italy,Pagani
Italy,Acinum
Italy,Alberto Nani
US,Amicus by X Winery
US,Hagen Heights
Australia,Clover Hill
France,Pierre Moncuit
US,Cedar Knoll
Australia,The Colonial Estate
France,Poissinet
US,The Leader
France,Château Vieux Ligat
US,Stromberg Vineyards
US,Stanger
Italy,Franci
US,Marguerite-Ryan
US,Failla Jordan
Italy,Produttori Colterenzio
Italy,Aldo Conterno
Italy,Pio Wines
Spain,Castillo de Almansa
US,Wild Ridge
US,Metate Hill Vineyards
New Zealand,Nevis Bluff
US,Stave & Hoop
France,Famille Quiot
US,Pandemonium
US,Prominence
US,Fort Ross Vineyard
US,La Chertosa
South Africa,Land of Hope
Italy,Meroi
Spain,Puelles
France,Domaine de Dionysos
US,Frenchman's Gulch
France,Château Haut-Sarpe
France,Domaine Clos Salomon
France,Domaine de Baronarques
US,Magna Mater
US,Webster Cellars
Germany,Weingut Frey
US,Old Cannery Row
France,Château Acker-Perreau
France,Château Ampélia
France,Château Langrange Monbadon
Spain,Manuel Manzaneque
South Africa,Laroche
Italy,Conselve
US,Dante
Germany,Friedrich Fendel
Italy,Canalicchio
Italy,Cantina Nalles Magre
US,Mendelson
France,Château Comte Devaugelas
France,Château Chasse-Spleen
US,Brookdale Vineyards
US,Hollywood & Vine
Spain,Bodegas Barriosa
Italy,Mariana
US,TreViti
Italy,Don Giovanni
Spain,Sancho Barón
Spain,Dehesa de Luna
US,Hop Kiln
US,Rhapsody
Australia,Rosedale Wines
US,Simaine Cellars
US,Cartograph
France,Domaine Sainte-Eugénie
US,Orpheus
South Africa,Peter Andrew
US,Leto
Italy,Serra dei Fiori
US,Bar Dog
France,Belliard Vins Selections
US,Springhouse Cellar
Australia,St. Kilda
Canada,Equifera
Italy,Eleva
France,Vincent Prunier
Spain,Pazo Baión
France,René Sparr
Spain,Ulacia
US,Adrian Fog
Spain,El Arte de Vivir
Argentina,Odyssea
Italy,Convento Cappuccini
US,Red XS
US,Red 7
Spain,Gaintza
France,Château la Grande Maye
South Africa,Creation
Italy,Poggio San Polo
US,Slaughterhouse Cellars
Germany,Eugen Müller
Italy,Montesel Renzo
US,S. P. Drummer
US,Perbacco Cellars
Spain,Bodegas Vegalfaro
France,Château Bourseau
Italy,Vini Iovine
Italy,La Tosa
France,Louis de Camponac
Italy,Luca Bosio
France,Château Robin des Moines
France,Château Toudenac
France,Domaine du Père Caboche
Italy,Sylla Sebaste
US,WindRacer
US,Kempe
US,PerryMoore
US,Sciandri Family
US,Highway 253
US,Hullabaloo
France,Arrogant Frog
Chile,Lafken
US,Barrymore
Spain,Cellers Grifoll Declara
US,Granite Springs
US,Russell Creek
Australia,Warrabilla
US,Koves-Newlan
US,Honora
Spain,Marques de la Musa
US,Marshall Family Wines
Italy,Buccia Nera
France,Château Grand Maréchaud
Italy,Fattoria Nittardi
US,Musetta
Israel,Pinot Noir
Spain,Merum
US,Nickname
France,Vincent Vatan
Chile,Sutil
US,Latta
Portugal,Skeffington
France,Domaine des Vieilles Caves
US,VGS
US,Hungry Blonde
Italy,Cantine Menhir
US,Glorie Farm Winery
Spain,Terraesteban
France,Château Gromel Bel Air
US,Cynthus
Spain,de Restia
France,Château Haut Dina
Spain,Finca El Monegrillo
Italy,Il Cocco
Argentina,Revancha
Germany,Caspari-Kappel
US,Old World
France,Mas des Etoiles
Argentina,Cuma
US,Moscato Rubino
France,Manciat-Poncet
France,Le Paradou
US,Isenhower
France,Château Lacaussade-Saint-Martin
US,RMH
Italy,Simone Scaletta
Georgia,Shalauri Cellars
US,Sostener
US,Villa Creek
Italy,Coste Ghirlanda
France,Baron Gassier
Chile,El Toqui
Germany,Nelles
France,Le Jardin d'Eolie
Spain,Señorio de Garci Grande
Croatia,Toreta
US,Blindfold
Austria,Pfneisl United Vineyards
US,Picazo
France,La Patache
Italy,De Angelis
Italy,Le Corti dei Farfensi
Italy,Malacari
Italy,Cantina Offida
US,Rowland
Australia,Eden Road
US,Hilliard Bruce
France,Jacques Tissot
France,Benoît Mulin
Italy,Fattoria Bagnolo
Chile,Hugo Casanova
US,Tractor Shed Red
Italy,Bella Donna
US,Bloomfield
Italy,Renzo Marinai
Italy,Tenuta Ghiaccio Forte
South Africa,Vondeling
US,Highland Oaks
New Zealand,Caroline Bay
Italy,Salicutti
New Zealand,Mount Riley
Italy,Luigi Voghera
US,Popcorn
France,Domaine du Clos d'Alari
France,Domaine Saint-Aix
Australia,Ad Lib
Argentina,Atipax
Spain,Cuatro Pasos
France,Château Merlet
US,Moreno BHLV
US,Brushstroke
France,Château du Perier
France,Château de Fleurie
France,Château Réal d'Or
France,Cellier Saint-Sidoine
Italy,La Bollina
Germany,Saint M
US,Triumph Cellars
France,Domaine Jean Fournier
Spain,Celler Cooperatiu de Gandesa
France,Château Greysac
US,Blue Hawk
Argentina,Mapema
France,Château Alta Gaïa
France,Château Haut Pingat
Italy,Reverdito
France,Château Meyre
France,Etablissements Thunevin
Spain,Baronet
Spain,Bodegas Perica
France,Château Dasvin-Bel-Air
Italy,Fidora
Bulgaria,Quadratus
France,Schlumberger
Italy,Casetta Fratelli
Italy,Livia Fontana
France,Château Saint Ahon
US,L'Avion
US,Ward Johnson Winery
France,Le Jaja de Jau
Italy,Alberice
Portugal,Caves da Cerca
Portugal,Colinas de São Lourenço
Portugal,Mário Braga
France,Château Sénéjac
France,Château le Gay
France,Château Sansonnet
US,Cheryl LaVrar
Turkey,Diren
US,Glaser
France,Tollot Beaut et Fils
France,Yves Giroux
Portugal,Blackett
Bulgaria,Ivo Varbanov
France,Gilles Blanchet
France,Puydeval
US,Badger Mountain
France,Domaine du Grand Bouqueteau
US,Raymond Burr
US,Anthill
Italy,Ambrogio e Giovanni Folonari
US,Coda
Italy,Sator
France,1752 Signature Wines
France,Domaine de l'Engarran
Germany,Wöhrle
US,Ebony
Italy,Genereaj
US,Broc Cellars
Austria,Artisan Wines DI Franz Scheider
Italy,Cantina Le Grotte
France,Château de Corneilla
France,Caspen
Greece,Moraitis
Italy,Fattoria Garbole
US,Napoma
France,Château le Reysse
US,La Famiglia di Robert Mondavi
France,Château Mas Neuf
France,Domaine Gramenon
France,Domaine des Entrefaux
France,Château Magneau
France,Clos Magdelaine
Italy,Umberto Fracassi
Italy,Valfaccenda
Italy,Gabriele Scaglione
Romania,Prahova Valley
US,Rangeland
Spain,Finca Montepedroso
Italy,Torre Rosazza
US,Stave 28
Italy,Trabucco
France,Abbaye de Saint-Ferme
France,Duvernay
US,Eight Sides
US,Rumpus
Italy,Pietro Caciorgna
France,Cellier des Dauphins
France,Château Gantonnet
France,Château Marjosse
Argentina,Serrera
US,Big Smooth
Italy,Zorzon
US,Moniker
Chile,Tacora
US,Vivo Vino
US,Idylwood
France,Marc Bredif
Israel,Odem Mountain
France,Château du Barrailh
US,Longwood
France,Veuve du Vernay
US,C. Donatiello
Spain,Celler Bartolomé
Australia,Jinks Creek
Spain,L'Arbossar
Italy,Le Vigne di Zamò
Spain,Dibon
France,Gilles Morat
Italy,Il Corno
US,Green & Red
Portugal,Quinta de Santa Eufemia
Italy,Réva
Hungary,Holdvölgy
US,Chardenet
Italy,Pietro Zardini
Australia,Cooralook
France,Noble Terroir
Spain,Nabuko
Spain,Bogatell
Italy,Ïl Macchione
Italy,Losi
Bulgaria,Logodaj
Bulgaria,Bratanov
France,Château du Courlat
France,Château Haut-Vigneau
Italy,Bella Sera
US,Domaine Danica
Italy,Anselmi
Italy,Furlan
Italy,Mottura
Australia,Gosford
France,Domaine du Moulié
France,Château des Gavelles
US,Ranch 32
US,Outlier
Mexico,El Sombrero
Spain,Demencia de Autor
South Africa,Hermanuspietersfontein
France,Château la Brande
US,Moonstone
US,De Ponte Cellars
US,Mark Moretti
US,1789 Wines
US,75 Wine Co.
South Africa,Snow Mountain
France,Domaine des Hospices Civils de Lyon
US,La Voix
France,Château la Marzelle
Australia,Edwards
Argentina,Budini
Argentina,Finca El Retiro
France,Château des Tours
Italy,Pianirossi
Italy,Poggio al Tufo
US,Monte Smith
US,Mountain View
Italy,Peteglia
France,Château Duplessis
Argentina,Valle Austral
US,Dauntless
France,Ernest Rapeneau
France,Domaine Sérol
Italy,Montauto
Italy,I Greppi
France,Vieux Château Chauvin
US,Caernarvon Cellars
US,Wm. Harrison
France,Castelnau
Spain,Gran Cardiel
Canada,Cellar Hand
Italy,Malgrà
New Zealand,Hunky Dory
US,Little Vineyards
Germany,Schloss Reinhartshausen
US,Ackerman Family Vineyards
Italy,Balia di Zola
Italy,Bissoni
US,Optima
Argentina,Artes del Sur
Portugal,Cavipor
Italy,Mirabile
Argentina,Inacayal
France,Château Lamy
France,Nominé-Renard
France,A. Margaine
Portugal,Porca de Murça
US,Zinsane
Spain,Prior Art
France,Château Duhart Milon
France,Château Lafon Rochet
France,Vignobles Fontan
France,VillaViva
US,Badger Hound
Spain,Pinuaga
France,Grand Nicolet
Chile,Bota Box
France,Chateau Saint Louis
France,Domaine de Magnaut
France,Domaine du Rey
France,Château Fondarzac
US,Chocolate Box
US,Ernest
US,Rock Lobster
Canada,Tantalus Vineyards
Italy,Talosa
France,Domaine de Viranel
Spain,Eximius
US,Sand Hill
US,Tamás
US,Overland
US,Coruce
France,Domaine du Vieux Vauvert
Italy,Dürer-Weg
France,Domaine Escaravatiers
France,La Belle Collection
Italy,Sant'Anjelus
France,Domaine de Maubet
Argentina,Pindal
US,Ambrose
Spain,Las Capas
France,Domaine de la Pomme de Pin
Italy,Binomio
US,VinStrata
France,Listel
Italy,Camerano
France,Château Lagrave Aubert
France,Château Tour Saint-Germain
France,Château Lauretan
Italy,Greppi Cupi
France,Château Gamage
France,Château de Sadran
France,Château Fourchou
US,R.H. Phillips
US,Lewis
Italy,Il Cavalierino
Italy,Fattoria Montecchio
France,Philippe Girard
US,Block 88
Spain,Breca
France,Domaine Alban Roblin
France,Domaine des Elephants
France,Domaines Tatin
Spain,Viña Sastre
France,Maison L'Envoyé
France,Domaine Régis Champier
Chile,Left Bend
Spain,Valdelamillo
France,Château Lécuyer
France,VIgnobles René Renon
US,Fausta
Croatia,Suha Punta
Spain,Verema
France,Domaine Serres Mazard
Italy,Tenuta Santa Maria
US,Dolina
France,Paul Bouchard & Cie
France,Roger Luquet
France,J.P. Chenet
France,Château les Vieux Moulins
US,Toad Hall
Italy,Ronco delle Betulle
New Zealand,Main Divide
US,Bon Coeur
New Zealand,Soho
US,Domaine de la Cote
US,Northwest Cellars
Argentina,Viamonte
Spain,Finca las Caraballas
US,Merus
Italy,Cà Furlan
France,Michel Dutour
South Africa,The Yellow Cellar
Australia,Fonty's Pool
Germany,Blümel
France,Château Mazetier
France,Cru Lagaillarde
US,Panache Cellars
US,TwentyFour by Charles Woodson
Australia,Charles Melton
US,My Essential
US,Eaglewood
US,Annabella
France,Château Gandoy Perrinat
France,Château les Templiers
US,Agness
France,Château les Verriers
France,Château Montaiguillon
France,Château Naudeau
France,Château de la Cour d'Argent
France,Domaine de Valmengaux
US,Taplin Cellars
Austria,Josef Bauer
US,Ancestrale
US,Drake
US,Kutch
US,Lowden Hills
US,Shinn Estate
New Zealand,Clifford Bay
Italy,Tenute Salvaterra
Italy,Bricco Maiolica
Italy,La Ballerina
US,Waters 2007 Forgotten Hills Vineyard Syrah (Walla Walla Valley (WA))
US,Ilsley
Spain,Vizorro
US,Indian Creek
France,Château de Valcombe
Uruguay,Pizzorno
US,Figge
Argentina,San Polo
US,Pendleton
Spain,Storks' Tower
Argentina,Southern Edge
Italy,Fattoria La Massa
Portugal,J.M. da Fonseca and Van Zeller
Spain,Tres Patas
Italy,Montevertine
Spain,Peñagudo
US,One Three
US,Bieler Family
New Zealand,Taonga
Spain,Oxer Basteguieta
Argentina,Los Clop
US,Lost Oak
Italy,La Bioca
Portugal,Christie's
Spain,Bodegas Piedemonte
US,C Square
Australia,Schubert
US,Wilde Farm Wines
Spain,Terrazas del Moncayo
France,Philippe Borlais
Italy,La Sansonina
France,Château Corbin Michotte
France,Château Guillotin
New Zealand,Rabbit Ranch
France,Château d'Haurets
France,Château Floreal Laguens
France,Château la Grolet
France,Château Roustan
France,Château Tour de Bigorre
France,Domaine de la Métairie d'Alon
France,Domaine de Cambis
US,Candor
Italy,Cherri d'Acquaviva
Argentina,Las Vides
Chile,Dissident
Spain,Bitácora
France,Pierre Péters
US,Sigillo Cellars
US,Anakota
Australia,One Million Cuttings
US,Oregon Territory
Italy,Elena Fucci
Spain,Bracamonte
France,Domaine Jas d'Esclans
US,Episode
Slovenia,Kabaj
France,Marojallia
France,Château Clarke
France,Château Cluzan
Argentina,Gran Altura
Argentina,Pantago
Italy,Tenuta Pederzana
Spain,La Vida
France,Mouton-Cadet
US,Calix
France,Mandois
France,Domaine des Sabines
Greece,Katsaros
US,Sonkin Cellars
US,Whispering Tree
Italy,Castel Pietraio
Italy,Cencioni Patrizia
France,Domaine de la Potardière
US,Fallon Place
Spain,Bodegas Agapito Rico
Spain,Freixa Rigau
Spain,Tierra Aranda
Italy,Castelvecchi
Italy,Le Torri di Campiglioni
Spain,Viñedos Real Rubio
Italy,Collato
Spain,Cava Blanca
Italy,Graziano Merotto
US,The Messenger
France,Philippe Pacalet
Italy,Piersanti
France,Château Sainte-Anne
Slovenia,Vino Kupljen
Spain,Iranzo Fields
US,Open Book
US,Dutch Henry Winery
France,Gilles Louvet
Argentina,Zarpado
US,Intelligent Design
US,Rock & Vine
New Zealand,Lil Rippa
Germany,Villa Riesling
South Africa,Six Hats
Spain,Castillo del Barón
France,Château Coustolle
France,Château Candale
US,Bartholomew Park
US,Ahlgren
US,Robert Pecota
US,Conn Valley
US,Livingston Moffett
France,Château Argadens
France,Château Genlaire
France,Château Guibeau
Italy,De Filippi
Italy,Baldetti Alfonso
France,Château les Charmes Godard
Australia,Franklin Tate
US,Hudson Vineyards
Hungary,Királyudvar
New Zealand,Voss
Italy,Renzo Masi
Spain,A Coroa
US,Alexander the Grape
US,All About Red
US,Treveri Cellars
Spain,Torrederos
US,Verde Sole
France,Domaine Baron de l'Ecluse
Germany,Schloss Koblenz
Australia,Teusner
Australia,An Approach to Relaxation
France,Château Léognan
France,Château Puisseguin la Rigodrie
Australia,Cirillo
Australia,Criterion
France,Abbotts
US,Cain
US,Farella-Park
US,Caymus
US,Jessup Cellars
Italy,Sallier de la Tour
France,La Soufrandière
Spain,Pago de Valdetruchas
Austria,J. Heinrich
South Africa,Muratie
US,Red Theory
Italy,Torricino
Italy,Casa D'Ambra
Slovenia,Klabjan
Australia,Dexter
US,Robert Losey
Italy,Lucchetta
US,Long Gamma
US,Delicato
Italy,Campo della Maestà
France,Château le Chêne
Italy,Eugenio Bocchino
Italy,La Querciola
France,Château de Perligues
US,One And Done
US,Valerie's Vineyard
Germany,Clusserath-Weiler
Cyprus,Etko
Germany,Gräflich von Hohenthal'Scher
Germany,Max Wagner
Argentina,Siesta
US,Fortune 1621
Spain,Barcino
France,Château Fantou
Moldova,Equinox Estate
South Africa,Nabygelegen
Argentina,Valle Azul
US,Zinfandelic
Argentina,Krasia May
France,Château Haut Maginet
Spain,Bodegas Garci Grande
US,Switchback Ridge
US,Cyrus
Spain,Vinícola Hidalgo
US,H. Gray
US,Black Saint Peter
France,Domaine Labruyère
US,Hunter DeHaven
South Africa,Allée Bleue
Czech Republic,Sonberk
US,Formation
Spain,L'Atzar
Argentina,Ksana
US,Palouse
Italy,Farnetella
France,Saveurs du Temps
Spain,Viña Galana
France,Michel Gros
France,Daniel Rion
France,Le Vieux Donjon
France,H.Germain
Italy,Ronchi di Manzano
Italy,Letrari
France,Domaine des Pierrettes
Spain,Finca Coronado
Spain,Monfil
Spain,Garcia Hermanos
Spain,Palacio de Primavera
France,Rosé de Guiet
France,Union Beaujolaise
France,Domaine des Carteresses
France,Château la Genestière
US,Cuttings
Portugal,M. Chapoutier
Canada,Peller
France,Domaine du Salvard
France,Château Tuilerie Pagès
Greece,Hermes
Germany,Georg Breuer
France,Domaine de la Lande
France,Stephane Tissot
Italy,Castello di Cacchiano
France,Domaine Dumas
Italy,Eredi Enzo Raspi
Germany,Weingut J. Faber
Italy,Celestino Pecci
Italy,La Porta di Vertine
US,Merlot-Cabernet Sauvignon
Argentina,Grittini
Hungary,Vylyan
Spain,Clos Mont-Blanc
France,Domaine de la Coume du Roy
France,Château Haut Guillebot
France,Château Saint-Urbain
Spain,No BS
Spain,Pushpin
US,31st State
Spain,Chispas
France,Château Bourbon
France,Château des Annibals
US,Two Arrowheads
Spain,Los 800
Italy,Sequals
France,Domaine la Salette
France,Laurence Féraud
New Zealand,Konrad & Conrad
New Zealand,Shepherds Ridge
France,Lucien Crochet
Italy,Lucente
US,Sierra Moon
Italy,Spadina
Chile,Von Siebenthal
Portugal,Quinta das Apegadas
New Zealand,Tora Bay
France,Château Lauzade
Italy,Garganuda
France,Château Virant
France,Chateau Faure Beauséjour
Spain,Dominios de Castilla
US,Hidden Oak
US,Luli
France,Château de Brondeau
US,Grove Ridge
Spain,Comando-G
US,Flambeaux
US,Q Sonoma
Spain,Castro Baroña
Argentina,Inca
Spain,José Pariente
Argentina,Cuatro Vacas Gordas
Argentina,Pampa
France,Château Boisson
Spain,Rento
Spain,L'Arboc
Italy,Le Fonti
Italy,Ziobaffa
Italy,Baracchi
US,"Black Bear, Red Chair"
US,Mustache Vineyards
France,Domaine d'Alzipratu
Italy,Terre di Melazzano
France,Caves du Val de France
US,868 Estate
US,Thibaut-Janisson
US,R35
France,Les Fontenilles
France,Château Mangot
France,Château Saint-Germain
US,Birdland
France,Domaine de la Noblaie
Italy,Moroder
France,Marc Dupas
France,Daguet
Argentina,Fuego Blanco
Australia,Andrew Hardy
France,Corinne et Pierre Grossot
US,Maestral
US,Lieff
Chile,Viña Tinajas
Australia,Kilroy Was Here!
Argentina,La Yunta
Bulgaria,Pulden
Italy,S. Lucia
Italy,Fattoria Le Sorgenti
Italy,Fortediga
US,Blue Pirate
US,Maxville
US,Prim Family
Italy,Anzivino
US,Domaine Saint Gregory
US,Chimere
France,Alain Poulet
US,Monterey Vineyard
US,Rancho Arroyo Grande
France,Château Clos Haut-Peyraguey
US,Thorne
US,Azalea Springs
Italy,Tenuta Il Faggeto
US,Stratton Lummis
US,Tres Hermanas
Italy,Calabretta
Hungary,Schloss Koblenz
France,Domaine des Rochers
France,Jacques Bourguignon
US,Sage Road
France,Vignobles Despagne
Georgia,Vita Vinea
France,Château Certan-Marzelle
New Zealand,Muddy Water
Australia,Sandalford
US,Loxton
Australia,Cheviot Bridge
France,Château Haut Barrail
France,Château Lamour
Italy,Ca'nova
US,Harrison Clarke
France,La Bouvaude
US,Colgin
France,Clos du Canton des Ormeaux
Spain,Gramona
Italy,Conti di Sn Bonifacio
US,Theopolis
France,Château Grand Corbin
US,Skipstone
US,The Grade
France,Château Bonfort
France,Château Guerry
France,Château les Arromans
France,Pierre Qui Roule
France,Château Haut Colombier
Spain,Marqués de Almonacid
France,Château Tour de Luchey
US,Thomas Henry
Australia,Tolpuddle
Spain,Chapillon
Italy,Mazzoni
Spain,Al Zagal
US,Richard Partridge
France,Domaine de Fontavin
Spain,Plumia
France,La Rose de Pauillac
France,Chateau Auguste
Spain,Medulas
Germany,Franzen
Argentina,Gaucho Club
Italy,Gionelli
Spain,Bodegas Recuero
US,Varozza
France,Domaine La Tour Penedesses
Portugal,Portuguese Red
Portugal,Logowines
Argentina,Medanos
France,Domaines de Provence
France,Château Cap l'Ousteau
France,Château Haut-Maurac
US,Huett
France,Domaine Normand
Italy,Boccantino
Australia,19 Crimes
Argentina,Deumayen
Italy,Trerè
France,Camille Savès
France,Les Dauphins
France,Michel Tissot
France,Seppi Landmann
Spain,4R4U
France,Laroze de Drouhin
US,Mazza Vineyards
Italy,Cantina Sociale della Valpantena
Germany,Ziereisen
Mexico,Paralelo
Italy,Poderi dal Nespoli 1929
US,Pegasus Estate
Portugal,Quinta do Vale Bragão
Argentina,El Hijo
Spain,Bodegas Alejandro Fernandez
France,Sanctus
France,Les Vignes d'Alexandre
France,Château Beau-Site
Portugal,Druida
Chile,Männle
US,Galleano
France,Château le Pré de la Lande
US,Carrefour
France,Château Latour Camblanes
Spain,Cruz de Piedra
France,Château d'Arcole
France,Château de Juliénas
US,Tooth and Nail
Italy,Brangero
France,Domaine de Côtes Rémont
US,Peake Ranch
US,Samson
US,City Limits
France,Domaine Michel et Joanna Ecard
Spain,Galda
Greece,Ktima Pavlidis
France,Domaine Clarence Dillon
Spain,Ribas del Cúa
France,Château la Fleur Peyrabon
South Africa,Bosman Family Vineyards
South Africa,Doolhof
Chile,Intriga
Austria,Familie Zull
US,Backstage Winery
Italy,Cà Maiol
US,Calla Lily
France,Domaine du Dragon
France,Vignerons de Correns
US,Pininfarina
Germany,Schloss Wallhausen
Italy,I Vigneri
France,Château Fonroque
Italy,Brunori
South Africa,Gilga
Spain,Calderona
Australia,Pipers Brook Vineyard Estate
US,Logan Ridge
Australia,Morgan Simpson
Australia,Nardone Baker
Hungary,Malatinszky
Argentina,Calzo
Australia,Kelly's Revenge
Hungary,Áldás
US,Angel Juice
US,Reid Family Vineyards
Italy,Il Cancelliere
Spain,Pagos del Galir
France,Château Boutisse
Australia,Wit's End
Germany,Nollen
Argentina,Mountain Door
Spain,Terraprima
France,Château Cinc-Hilhs
France,Château de Brague
France,Despagne
Italy,Le Regge
US,Grand Pacific
US,Hat Ranch
France,Château de Bensse
France,Château du Cartillon
Germany,Graf von Schönborn
Germany,Wagner-Stempel
France,Domaine Richard Rottiers
Spain,Bodegas Real
US,La Famiglia
Spain,Viña Altaba
France,Château Vessière
US,Unum
France,Domaine Patrice Moreux
France,Château Goumin
Spain,Faunus
Chile,Puntí Ferrer
US,Côte Nicault
US,Brookman
Italy,Franco M. Martinetti
US,Stanton
Italy,Ippolito 1845
US,Bevela
Australia,Morambro Creek
Italy,Bibi Graetz
Australia,Ross Estate
France,Château Coutet Saint-Emilion
New Zealand,Pinot Noir
France,Château Bastor Lamontagne
Spain,Casita Mami
France,Château Respide-Médeville
Italy,Podere Canalino
France,Château la Chapelle aux Moines
US,Turchi
France,Chateau Brisson
US,Mount Si
Greece,Apanta
France,Château Haut-Lansac
France,Eric Cottat
US,Arizona Angel
US,Dragonfly Creek
US,Carlson Creek
France,Château Arnauld
Italy,La Querce
US,Sant Wines
France,Villa Ponciago
US,Small and Tall
US,Cana
US,Gatos Locos
US,Gold Hill
US,Canyon Road
Italy,Danzante
Spain,Viña Collado
US,Pretty-Smith
Australia,Blue Pyrenees
Australia,Goundrey
France,Sylvaine et Alain Normand
Spain,Valdelavia
France,Henry Brochard
Argentina,Nōmade
Australia,Block 50
US,Ronan
US,Killer Juice
Argentina,Torrontés
US,Bright Angel WInes
France,Château des Pertonnières
Israel,The Cave
Italy,Le Cecche
France,Château Signac
Spain,Solar de Libano
France,Château du Barry
US,Craftsman
US,Fortnight
US,LJ Crafted Wines
Mexico,Casa de Piedra
Argentina,Coiron
US,GrapeHeart Vineyards
US,Twisted Cedar
France,Château la Chapelle Maillard
France,De Ladoucette
Spain,Viña Almirante
Spain,Vizcarra
Italy,Borgogno Giacomo e Figli
Italy,Casa di Baal
US,Denier-Handal
Italy,Gurra di Mare
US,Handal-Denier
France,Château Alcée
US,Daniel Wines
US,Villa Mari
France,Chateau la Rame
US,Penché
France,Château Capet-Guillier
Italy,Cocchi
Germany,Fischer
US,Ten Mile
US,Blanc de Bleu
Chile,Teillery
US,Fiesta Winery
Germany,HigHDef
Portugal,Quinta da Devesa
US,Siot
France,Château Platon
US,Eugene Wine Cellars
Italy,Giovanna Tantini
France,Château Vieil Orme
US,Heibel Ranch
France,H to H
Chile,La Fortuna
US,D-Cubed Cellars
US,Capstone Cellars
Spain,Maset del Lleó
US,Croze
Argentina,Valle de la Puerta
Italy,Cambrago
Greece,Kouros
France,Mas des Mas
Spain,Beldui
US,Gadino
US,Three Fat Guys
US,Bjorn
US,Whitestone
Italy,Codice Citra
Portugal,Adega Viuva Gomes
South Africa,Quiet Resolve
Italy,Montecrocetta
Italy,Portinari
Italy,Collis
Australia,Nine Stones
Chile,Imperial
Spain,Pluvium
France,Château La Rose Gadys
France,Château Beauchêne
Spain,Earth Wise
France,Château Beausoleil
France,Château Vieux Manoir
Spain,Bodegas Alanís
France,Château d'Eck
France,Château la Tour de Mons
France,Château les Ormes Sorbet
France,Châteu Giscours
US,Dry Mill
US,Lucky Rock Wine Co.
Italy,Rigo Filippo - Ai Rabaj
Italy,Risata
US,Rocking K
Mexico,Dubacano
Mexico,Ernesto Camou y Camou
US,Trios
US,Carver Sutro
France,Clos Monicord
France,Château Graville-Lacoste
Italy,Colombaio
Spain,Paixar
Germany,Urban
France,Domaine de Bonserine
US,Antonio Patric
Germany,Meyer-Näkel
Australia,Rubus
France,Château de Camensac
Australia,Peter Howland
Italy,Ciro Picariello
France,Domaine de Familongue
France,Château Clos Mansio
France,Château du Pavillon
France,Château Haut-Mévret
France,Domaine de Lischetto
Italy,Enrico Gatti
Portugal,Viera de Sousa
Spain,San Pedro
New Zealand,Matariki
South Africa,Môreson
Spain,Valdetan
US,Villicana
France,Pascal & Alain Lorieux
France,Antoine Sanzay
France,Clos des Cordeliers
Spain,Marqués de Valparaíso
Spain,San Antonio Abad
France,Château le Peuy Saincrit
France,Château Pabus
France,Château Puy Marceau
France,Château Roc de Levraut
France,Château Laride
US,Corvidae
Ukraine,Koblevo
France,Rémy-Pannier
France,Hervé Baudry
US,Albemarle
US,Angel's Secret
France,G.H. Martel
France,Robert et Bernard Plageoles
France,Domaine Claude Nouveau
Spain,Aticus
France,Marcel Lapierre
Portugal,Quinta das Tecedeiras
US,Logan
Portugal,Quinta de Vale Veados
Italy,La Monacesca
Australia,Yunbar
US,Oakstone
US,Single Leaf
Spain,Montesierra
Australia,Diamond Ridge
France,Vilmart & Co
US,Buffalo Grove
France,Chemin des Papes
US,Pacifica
Argentina,Seraphim
Italy,Provolo
US,Eagles Landing
US,Pacific Crest
France,Maison Ginestet
US,Newsprint
Italy,Olivetta
US,Renegade
Spain,Gran Vinaio
France,Domaine Beauséjour
France,Domaine de la Fruitière
France,Domaine de la Tourette
France,Domaine Gilles Chollet
France,Domaine de l'Edre
Argentina,Funckenhausen
US,Laurel Gray
Spain,Evaia
US,Fog Theory
Italy,Agrisole
US,Nanna's Short Cake
Italy,Caparra & Siciliani
France,Château Lalaudey
France,Château Bournac
US,Q Collection
US,Sapolil Cellars
US,Bryter
Italy,Tortarossa
Australia,Beastly Vines
France,Royal de Jarras
US,Old Ghost
Germany,Nein Lives
US,Tres Vinicultores
France,Château le Peyrat
Italy,Roberto Mascelloni
France,Château d'Antugnac
US,Crimson Ranch
Italy,Piaggia
US,Secret Cellars
Spain,Finca Manzanos
Italy,Giulio Straccali
US,Seven Sails
US,3 Ball
Italy,Soligo
Italy,Il Colombaio di Cencio
Spain,Marqués de Irún
US,Scarlett
Italy,Castello Il Palagio
Spain,Condado de Haza
Italy,Settesoli
US,Terrapin Cellars
New Zealand,Box O'Birds
US,Verdad
Spain,Venta del Puerto
France,Domaine des Gandines
Italy,La Contea
Spain,Tardencuba
Argentina,Sylvestra
Italy,Zambon
US,Buccio
US,Quickfire
Chile,Arbol de Vida
Italy,Guido Berta
France,Charles Thomas
South Africa,The Big Five Collection
Portugal,Red Fox
Spain,Viña Santa Marina
US,Geoff Tate
US,Tor Kenward
Spain,Bodegas San Martín
Spain,Bodega San Pedro Apóstol
Spain,Bodegas Lomablanca
Spain,Aromal
Argentina,Cristobal 1492
Spain,TorresManur
France,Barons de Rothschild
US,Patrimony
US,Crown Point
US,Sonoma Oaks
France,Cave d'Azé
Slovenia,Bastianich
France,La Cave de Pomerols
Romania,Senator
France,Val Auclair
France,Vignobles Boudinaud
France,Domaine du Touch
South Africa,Black Elephant
Argentina,Bota Box
Argentina,Finca la Malena
New Zealand,Pask
US,Ancient Roots
Georgia,Jakeli Wines
US,H Mynors
Australia,Barratt
Australia,Tower Estate
Australia,Mount Horrocks
US,Le Vin
Spain,Ovidio García
US,Julia James
France,Château Fongaban
France,L'Amandine
US,Gramercy Vineyards
France,Château de Roques
US,Charter Oak
France,Vignobles Arbo
Australia,Sea Change
US,Succulent Vineyards
France,Linard-Gontier
US,Cirque du Vin
US,Vintager
Italy,Morra Diego
Italy,Viglione Antonio
Italy,Seghesio
Portugal,Quinta de Santa Maria
Italy,Corte Figaretto
France,Château d'Anglès
US,Chateau St. Croix
US,Nine Barrel
Spain,Casteller
US,Arrowhead Spring
Spain,Rivera de Castilla
Argentina,Ikal 1150
France,Paul Mas
Chile,Seraphim
New Zealand,13 Celsius
Italy,Ambasciata del  Buon Vino
France,Château Maubert
Argentina,Caitec
Argentina,Soluna
Italy,Casisano Colombaio
Spain,De Bardos
US,Head High
France,Mondet
Australia,Salomon Estate
US,Lumen
US,Jackhammer
Italy,Paniole
Spain,Finca Milena
Spain,Legado Muñoz
Spain,Marqués de Olivara
Austria,Heinrich Hartl
New Zealand,Glazebrook
Australia,T'Gallant
Italy,Cascina Guido Berta
France,Château de Léoube
Italy,La Fiammenga
Italy,Grillo
Italy,Guerra
Italy,Esperto
France,Château Cadet-Bon
France,Château Grand Bireau
US,Euclid Wines
Italy,Cima
France,Château Haut Bergeron
Australia,Songlines
Italy,Tenuta Rocca di Montemassi
Germany,Von Buhl
Spain,Cálago
US,Potek
US,Siren Song
US,Imagination Wines
US,Young Inglewood
US,Tognetti
US,Vinedos Aurora
US,Casey Flat Ranch
Spain,Veiga Naúm
US,Oak Mountain
Italy,Marchese dell'Elsa
Portugal,Mouras de Arraiolos
Chile,Paso Grande
Argentina,Llama
US,Christiano Family
US,Galatea Effect
Italy,Le 7 Camicie
France,Château la Grave
France,Vindivin
France,La Cuvée Mythique
France,Les Costières de Pomerols
Spain,Mileto
US,PRIE Vineyards and Winery
Italy,Tenuta Bellafonte
US,The 50 by 50
US,Devil Proof
Italy,Gaudio
Italy,Gianni Voerzio
Italy,Elio Perrone
Italy,Guasti Clemente
Italy,Poggio Torselli
Italy,La Sala
France,L'Arène des Anges
US,Proximity Twenty Six
France,Château d'Argadens
France,Château La Bastienne
France,Château La Croix Romane
France,Château La Fortine
Italy,Terra dei Re
France,Thunevin
US,Ma(i)sonry
France,Maison Saint Aix
Austria,Zweigelt
Italy,San Benedetto
France,Château Laborde
France,Château Cap de Mourlin
Germany,Rudolf Fürst
Germany,Schloss Schönborn
France,Château Lamothe Castera
France,Montmassot
US,Fatty Pope
Italy,Gomba
Italy,Tre Fiori
Italy,I Quaranta
Australia,Meerea Park
France,René Geoffroy
France,Le Grix de la Salle
Croatia,Frano Milos
Portugal,Granadeiro
France,H. Billiot Fils
Spain,Bodegas Ramon Ramos
US,Douglas Green
France,Pascal Granger
US,Twenty Bench
Georgia,Dergi
Italy,Bricco Grilli
Italy,Cascina del Pozzo
Italy,Castello di Gabiano
Spain,Navarro
US,Carneros Hills
US,Counter Punch
Spain,K5 Argiñano
Australia,Kiss Chasey
Australia,Tar & Roses
France,Château les Tours des Verdots
US,Glasshaus
Georgia,Antadze
South Africa,Kershaw
US,Harbison Wines
Portugal,Durham-Agrellos
Australia,Merops
Italy,Fattoria La Ripa
US,Cuvée Lucia
South Africa,Sauvignon Republic
US,Wallace
France,Château Plince
US,On Q
US,Bateaux Cellars
US,Elkhorn Peak
US,Transmission
,Lismore
,Logodaj
Portugal,Leacock's
Germany,Weingut Burg Ravensburg
South Africa,Shannon
South Africa,Giant Mistake
Hungary,Kvaszinger
France,Halos de Jupiter
US,Winston Hill
France,Château de Tiregand
Spain,Oráculo
Germany,Vereinigte Hospitien
Italy,Rizieri
US,Silverpoint Cellars
US,Diamond Terrace
Italy,Antonio Sanguineti
US,BBQ Wine Company
Austria,Huber
France,Château de Sérame
